timestamp,site_id,flow_total,motos,buses,camiones,velocidad_prom,tiempo_recorrido,cola,incidente,lluvia,tipo_via,carriles,zona,hora_pico,feriado,congestion
2026-04-14 00:00:00,B1,32,11,2,2,42.1,145,3,0,0,arterial,3,comercial,0,0,0
2026-04-14 00:15:00,A2,37,12,2,2,40.9,150,4,0,0,arterial,2,residencial,0,0,0
2026-04-14 00:30:00,A1,46,15,2,3,38.2,158,5,0,0,arterial,3,comercial,0,0,0
2026-04-14 00:45:00,C1,40,13,2,2,39.7,153,4,0,0,colectora,2,mixta,0,0,0
2026-04-14 01:00:00,A1,54,18,3,3,36.5,168,6,0,0,arterial,3,comercial,0,0,0
2026-04-14 01:15:00,A2,49,16,2,2,37.8,163,5,0,0,arterial,2,residencial,0,0,0
2026-04-14 01:30:00,B1,42,14,2,2,39.1,155,4,0,0,arterial,3,comercial,0,0,0
2026-04-14 01:45:00,C1,35,11,2,2,41.4,148,3,0,0,colectora,2,mixta,0,0,0
2026-04-14 02:00:00,A1,31,10,2,1,42.5,144,3,0,0,arterial,3,comercial,0,0,0
2026-04-14 02:15:00,A2,36,12,2,2,41.2,149,4,0,0,arterial,2,residencial,0,0,0
2026-04-14 02:30:00,B1,44,14,2,2,38.7,156,4,0,0,arterial,3,comercial,0,0,0
2026-04-14 02:45:00,C1,39,13,2,2,40.1,151,4,0,0,colectora,2,mixta,0,0,0
2026-04-14 03:00:00,A1,48,16,2,3,37.9,161,5,0,0,arterial,3,comercial,0,0,0
2026-04-14 03:15:00,A2,43,14,2,2,39.0,156,4,0,0,arterial,2,residencial,0,0,0
2026-04-14 03:30:00,B1,34,11,2,2,41.8,147,3,0,0,arterial,3,comercial,0,0,0
2026-04-14 03:45:00,C1,38,12,2,2,40.4,150,4,0,0,colectora,2,mixta,0,0,0
2026-04-14 04:00:00,A1,52,17,3,3,36.9,166,6,0,0,arterial,3,comercial,0,0,0
2026-04-14 04:15:00,A2,45,15,2,2,38.5,158,5,0,0,arterial,2,residencial,0,0,0
2026-04-14 04:30:00,B1,41,13,2,2,39.5,154,4,0,0,arterial,3,comercial,0,0,0
2026-04-14 04:45:00,C1,47,15,2,3,38.0,160,5,0,0,colectora,2,mixta,0,0,0
2026-04-14 05:00:00,A1,60,20,3,3,34.8,176,7,0,0,arterial,3,comercial,0,0,1
2026-04-14 05:15:00,A2,64,21,3,3,33.9,181,8,0,0,arterial,2,residencial,0,0,1
2026-04-14 05:30:00,B1,58,19,3,3,35.2,174,7,0,0,arterial,3,comercial,0,0,1
2026-04-14 05:45:00,C1,69,23,3,4,32.5,187,9,0,0,colectora,2,mixta,0,0,1
2026-04-14 06:00:00,A1,78,26,4,4,30.7,198,10,0,0,arterial,3,comercial,0,0,1
2026-04-14 06:15:00,A2,85,28,4,5,29.1,206,12,0,0,arterial,2,residencial,0,0,1
2026-04-14 06:30:00,B1,96,32,5,5,26.8,219,14,0,0,arterial,3,comercial,0,0,2
2026-04-14 06:45:00,C1,103,34,5,6,25.3,228,16,0,0,colectora,2,mixta,0,0,2
2026-04-14 07:00:00,A1,132,44,7,7,19.2,263,24,0,0,arterial,3,comercial,1,0,2
2026-04-14 07:15:00,A2,146,49,7,8,16.5,280,29,0,0,arterial,2,residencial,1,0,2
2026-04-14 07:30:00,B1,158,53,8,9,14.1,294,33,1,0,arterial,3,comercial,1,0,2
2026-04-14 07:45:00,C1,139,46,7,8,17.8,271,26,0,0,colectora,2,mixta,1,0,2
2026-04-14 08:00:00,A1,150,50,8,8,15.7,285,30,0,0,arterial,3,comercial,1,0,2
2026-04-14 08:15:00,A2,162,54,8,9,13.5,299,35,0,0,arterial,2,residencial,1,0,2
2026-04-14 08:30:00,B1,171,57,9,10,12.0,310,39,1,0,arterial,3,comercial,1,0,2
2026-04-14 08:45:00,C1,144,48,7,8,16.8,278,28,0,0,colectora,2,mixta,1,0,2
2026-04-14 09:00:00,A1,118,39,6,7,22.0,246,20,0,0,arterial,3,comercial,0,0,2
2026-04-14 09:15:00,A2,104,35,5,6,25.1,229,16,0,0,arterial,2,residencial,0,0,2
2026-04-14 09:30:00,B1,92,31,5,5,27.7,215,13,0,0,arterial,3,comercial,0,0,1
2026-04-14 09:45:00,C1,87,29,4,5,28.6,209,12,0,0,colectora,2,mixta,0,0,1
2026-04-14 10:00:00,A1,95,32,5,5,27.0,218,14,0,0,arterial,3,comercial,0,0,2
2026-04-14 10:15:00,A2,101,34,5,6,25.8,225,16,0,0,arterial,2,residencial,0,0,2
2026-04-14 10:30:00,B1,110,37,6,6,23.9,236,18,0,0,arterial,3,comercial,0,0,2
2026-04-14 10:45:00,C1,116,39,6,6,22.7,243,20,0,0,colectora,2,mixta,0,0,2
2026-04-14 11:00:00,A1,148,49,7,8,16.2,282,29,0,0,arterial,3,comercial,1,0,2
2026-04-14 11:15:00,A2,165,55,8,9,12.9,302,36,1,0,arterial,2,residencial,1,0,2
2026-04-14 11:30:00,B1,174,58,9,10,11.2,313,40,0,0,arterial,3,comercial,1,0,2
2026-04-14 11:45:00,C1,159,53,8,9,14.0,295,34,0,0,colectora,2,mixta,1,0,2
2026-04-14 12:00:00,A1,142,47,7,8,17.3,275,27,0,0,arterial,3,comercial,1,0,2
2026-04-14 12:15:00,A2,130,43,7,7,19.6,260,23,0,0,arterial,2,residencial,1,0,2
2026-04-14 12:30:00,B1,121,40,6,7,21.4,249,21,0,0,arterial,3,comercial,1,0,2
2026-04-14 12:45:00,C1,112,37,6,6,23.5,238,19,0,0,colectora,2,mixta,1,0,2
2026-04-14 13:00:00,A1,100,33,5,6,26.0,224,15,0,0,arterial,3,comercial,0,0,2
2026-04-14 13:15:00,A2,94,31,5,5,27.2,217,14,0,0,arterial,2,residencial,0,0,1
2026-04-14 13:30:00,B1,88,29,4,5,28.5,210,12,0,0,arterial,3,comercial,0,0,1
2026-04-14 13:45:00,C1,83,28,4,5,29.6,204,11,0,0,colectora,2,mixta,0,0,1
2026-04-14 14:00:00,A1,75,25,4,4,31.4,195,10,0,0,arterial,3,comercial,0,0,1
2026-04-14 14:15:00,A2,70,23,4,4,32.4,189,9,0,0,arterial,2,residencial,0,0,1
2026-04-14 14:30:00,B1,73,24,4,4,31.8,193,9,0,0,arterial,3,comercial,0,0,1
2026-04-14 14:45:00,C1,78,26,4,4,30.8,198,10,0,0,colectora,2,mixta,0,0,1
2026-04-14 15:00:00,A1,86,29,4,5,28.9,208,12,0,0,arterial,3,comercial,0,0,1
2026-04-14 15:15:00,A2,92,31,5,5,27.6,215,13,0,0,arterial,2,residencial,0,0,1
2026-04-14 15:30:00,B1,97,32,5,5,26.6,221,14,0,0,arterial,3,comercial,0,0,2
2026-04-14 15:45:00,C1,105,35,5,6,25.0,230,16,0,0,colectora,2,mixta,0,0,2
2026-04-14 16:00:00,A1,120,40,6,7,21.6,248,20,0,0,arterial,3,comercial,0,0,2
2026-04-14 16:15:00,A2,132,44,7,7,19.3,262,24,0,0,arterial,2,residencial,0,0,2
2026-04-14 16:30:00,B1,145,48,7,8,16.7,278,28,0,0,arterial,3,comercial,0,0,2
2026-04-14 16:45:00,C1,151,50,8,8,15.5,286,30,1,0,colectora,2,mixta,0,0,2
2026-04-14 17:00:00,A1,173,58,9,10,11.4,312,40,0,0,arterial,3,comercial,1,0,2
2026-04-14 17:15:00,A2,182,61,9,10,10.0,323,44,0,0,arterial,2,residencial,1,0,2
2026-04-14 17:30:00,B1,190,63,10,11,10.0,332,48,1,0,arterial,3,comercial,1,0,2
2026-04-14 17:45:00,C1,176,59,9,10,10.8,316,42,0,0,colectora,2,mixta,1,0,2
2026-04-14 18:00:00,A1,168,56,8,9,12.4,306,37,0,0,arterial,3,comercial,1,0,2
2026-04-14 18:15:00,A2,158,53,8,9,14.1,294,33,0,0,arterial,2,residencial,1,0,2
2026-04-14 18:30:00,B1,146,49,7,8,16.5,280,29,0,0,arterial,3,comercial,1,0,2
2026-04-14 18:45:00,C1,135,45,7,8,18.7,267,25,0,0,colectora,2,mixta,1,0,2
2026-04-14 19:00:00,A1,120,40,6,7,21.6,248,20,0,0,arterial,3,comercial,0,0,2
2026-04-14 19:15:00,A2,108,36,5,6,24.4,234,18,0,0,arterial,2,residencial,0,0,2
2026-04-14 19:30:00,B1,96,32,5,5,26.8,219,14,0,0,arterial,3,comercial,0,0,2
2026-04-14 19:45:00,C1,85,28,4,5,29.1,206,12,0,0,colectora,2,mixta,0,0,1
2026-04-14 20:00:00,A1,72,24,4,4,32.0,192,9,0,0,arterial,3,comercial,0,0,1
2026-04-14 20:15:00,A2,64,21,3,3,33.9,181,8,0,0,arterial,2,residencial,0,0,1
2026-04-14 20:30:00,B1,58,19,3,3,35.2,174,7,0,0,arterial,3,comercial,0,0,1
2026-04-14 20:45:00,C1,52,17,3,3,36.9,166,6,0,0,colectora,2,mixta,0,0,0
2026-04-14 21:00:00,A1,48,16,2,3,37.9,161,5,0,0,arterial,3,comercial,0,0,0
2026-04-14 21:15:00,A2,42,14,2,2,39.1,155,4,0,0,arterial,2,residencial,0,0,0
2026-04-14 21:30:00,B1,38,12,2,2,40.4,150,4,0,0,arterial,3,comercial,0,0,0
2026-04-14 21:45:00,C1,35,11,2,2,41.4,148,3,0,0,colectora,2,mixta,0,0,0
2026-04-14 22:00:00,A1,45,15,2,2,38.5,158,5,0,0,arterial,3,comercial,0,0,0
2026-04-14 22:15:00,A2,39,13,2,2,40.1,151,4,0,0,arterial,2,residencial,0,0,0
2026-04-14 22:30:00,B1,33,11,2,2,42.0,146,3,0,0,arterial,3,comercial,0,0,0
2026-04-14 22:45:00,C1,36,12,2,2,41.2,149,4,0,0,colectora,2,mixta,0,0,0
2026-04-14 23:00:00,A1,50,17,3,3,37.6,164,5,0,0,arterial,3,comercial,0,0,0
2026-04-14 23:15:00,A2,44,14,2,2,38.7,156,4,0,0,arterial,2,residencial,0,0,0
2026-04-14 23:30:00,B1,40,13,2,2,39.7,153,4,0,0,arterial,3,comercial,0,0,0
2026-04-14 23:45:00,C1,32,11,2,2,42.1,145,3,0,0,colectora,2,mixta,0,0,0
2026-04-15 00:00:00,A1,34,11,2,2,41.8,147,3,0,0,arterial,3,comercial,0,0,0
2026-04-15 00:15:00,A2,41,13,2,2,39.5,154,4,0,0,arterial,2,residencial,0,0,0
2026-04-15 00:30:00,B1,47,15,2,3,38.0,160,5,0,0,arterial,3,comercial,0,0,0
2026-04-15 00:45:00,C1,38,12,2,2,40.4,150,4,0,0,colectora,2,mixta,0,0,0
2026-04-15 01:00:00,A1,49,16,2,2,37.8,163,5,0,0,arterial,3,comercial,0,0,0
2026-04-15 01:15:00,A2,43,14,2,2,39.0,156,4,0,0,arterial,2,residencial,0,0,0
2026-04-15 01:30:00,B1,36,12,2,2,41.2,149,4,0,0,arterial,3,comercial,0,0,0
2026-04-15 01:45:00,C1,31,10,2,1,42.5,144,3,0,0,colectora,2,mixta,0,0,0
2026-04-15 02:00:00,A1,46,15,2,3,38.2,158,5,0,0,arterial,3,comercial,0,0,0
2026-04-15 02:15:00,A2,40,13,2,2,39.7,153,4,0,0,arterial,2,residencial,0,0,0
2026-04-15 02:30:00,B1,35,11,2,2,41.4,148,3,0,0,arterial,3,comercial,0,0,0
2026-04-15 02:45:00,C1,52,17,3,3,36.9,166,6,0,0,colectora,2,mixta,0,0,0
2026-04-15 03:00:00,A1,44,14,2,2,38.7,156,4,0,0,arterial,3,comercial,0,0,0
2026-04-15 03:15:00,A2,39,13,2,2,40.1,151,4,0,0,arterial,2,residencial,0,0,0
2026-04-15 03:30:00,B1,33,11,2,2,42.0,146,3,0,0,arterial,3,comercial,0,0,0
2026-04-15 03:45:00,C1,37,12,2,2,40.9,150,4,0,0,colectora,2,mixta,0,0,0
2026-04-15 04:00:00,A1,50,17,3,3,37.6,164,5,0,0,arterial,3,comercial,0,0,0
2026-04-15 04:15:00,A2,45,15,2,2,38.5,158,5,0,0,arterial,2,residencial,0,0,0
2026-04-15 04:30:00,B1,41,13,2,2,39.5,154,4,0,0,arterial,3,comercial,0,0,0
2026-04-15 04:45:00,C1,47,15,2,3,38.0,160,5,0,0,colectora,2,mixta,0,0,0
2026-04-15 05:00:00,A1,62,21,3,3,34.4,179,8,0,0,arterial,3,comercial,0,0,1
2026-04-15 05:15:00,A2,68,23,3,4,32.7,186,9,0,0,arterial,2,residencial,0,0,1
2026-04-15 05:30:00,B1,59,20,3,3,35.0,175,7,0,0,arterial,3,comercial,0,0,1
2026-04-15 05:45:00,C1,72,24,4,4,32.0,192,9,0,0,colectora,2,mixta,0,0,1
2026-04-15 06:00:00,A1,80,27,4,4,30.3,200,11,0,0,arterial,3,comercial,0,0,1
2026-04-15 06:15:00,A2,88,29,4,5,28.5,210,12,0,0,arterial,2,residencial,0,0,1
2026-04-15 06:30:00,B1,98,33,5,5,26.4,222,15,0,0,arterial,3,comercial,0,0,2
2026-04-15 06:45:00,C1,106,35,5,6,24.6,232,17,0,0,colectora,2,mixta,0,0,2
2026-04-15 07:00:00,A1,136,45,7,8,18.5,268,26,0,0,arterial,3,comercial,1,0,2
2026-04-15 07:15:00,A2,149,50,7,8,16.0,284,30,0,0,arterial,2,residencial,1,0,2
2026-04-15 07:30:00,B1,161,54,8,9,13.8,298,35,0,0,arterial,3,comercial,1,0,2
2026-04-15 07:45:00,C1,143,48,7,8,17.0,276,28,0,0,colectora,2,mixta,1,0,2
2026-04-15 08:00:00,A1,153,51,8,8,15.1,289,32,0,0,arterial,3,comercial,1,0,2
2026-04-15 08:15:00,A2,166,55,8,9,12.7,305,37,0,0,arterial,2,residencial,1,0,2
2026-04-15 08:30:00,B1,175,58,9,10,10.9,316,42,0,0,arterial,3,comercial,1,0,2
2026-04-15 08:45:00,C1,147,49,7,8,16.3,282,30,0,0,colectora,2,mixta,1,0,2
2026-04-15 09:00:00,A1,121,40,6,7,21.3,249,21,0,0,arterial,3,comercial,0,0,2
2026-04-15 09:15:00,A2,107,36,5,6,24.6,234,18,0,0,arterial,2,residencial,0,0,2
2026-04-15 09:30:00,B1,96,32,5,5,26.8,219,14,0,0,arterial,3,comercial,0,0,2
2026-04-15 09:45:00,C1,90,30,5,5,28.1,212,13,0,0,colectora,2,mixta,0,0,1
2026-04-15 10:00:00,A1,99,33,5,5,26.2,223,15,0,0,arterial,3,comercial,0,0,2
2026-04-15 10:15:00,A2,104,35,5,6,25.1,229,16,0,0,arterial,2,residencial,0,0,2
2026-04-15 10:30:00,B1,112,37,6,6,23.5,238,19,0,0,arterial,3,comercial,0,0,2
2026-04-15 10:45:00,C1,119,40,6,7,22.1,247,20,0,0,colectora,2,mixta,0,0,2
2026-04-15 11:00:00,A1,152,51,8,8,15.3,288,31,0,0,arterial,3,comercial,1,0,2
2026-04-15 11:15:00,A2,169,56,8,9,12.1,308,38,0,0,arterial,2,residencial,1,0,2
2026-04-15 11:30:00,B1,178,59,9,10,10.3,319,43,1,0,arterial,3,comercial,1,0,2
2026-04-15 11:45:00,C1,162,54,8,9,13.5,299,35,0,0,colectora,2,mixta,1,0,2
2026-04-15 12:00:00,A1,145,48,7,8,16.7,278,28,0,0,arterial,3,comercial,1,0,2
2026-04-15 12:15:00,A2,134,45,7,8,18.9,265,25,0,0,arterial,2,residencial,1,0,2
2026-04-15 12:30:00,B1,123,41,6,7,21.0,252,22,0,0,arterial,3,comercial,1,0,2
2026-04-15 12:45:00,C1,116,39,6,6,22.7,243,20,0,0,colectora,2,mixta,1,0,2
2026-04-15 13:00:00,A1,103,34,5,6,25.3,228,16,0,0,arterial,3,comercial,0,0,2
2026-04-15 13:15:00,A2,96,32,5,5,26.8,219,14,0,0,arterial,2,residencial,0,0,2
2026-04-15 13:30:00,B1,91,30,5,5,27.9,214,13,0,0,arterial,3,comercial,0,0,1
2026-04-15 13:45:00,C1,86,29,4,5,28.9,208,12,0,0,colectora,2,mixta,0,0,1
2026-04-15 14:00:00,A1,77,26,4,4,31.0,197,10,0,0,arterial,3,comercial,0,0,1
2026-04-15 14:15:00,A2,73,24,4,4,31.8,193,9,0,0,arterial,2,residencial,0,0,1
2026-04-15 14:30:00,B1,76,25,4,4,31.2,196,10,0,0,arterial,3,comercial,0,0,1
2026-04-15 14:45:00,C1,81,27,4,5,30.2,201,11,0,0,colectora,2,mixta,0,0,1
2026-04-15 15:00:00,A1,89,30,4,5,28.3,211,13,0,0,arterial,3,comercial,0,0,1
2026-04-15 15:15:00,A2,95,32,5,5,27.0,218,14,0,0,arterial,2,residencial,0,0,2
2026-04-15 15:30:00,B1,101,34,5,6,25.8,225,16,0,0,arterial,3,comercial,0,0,2
2026-04-15 15:45:00,C1,108,36,5,6,24.4,234,18,0,0,colectora,2,mixta,0,0,2
2026-04-15 16:00:00,A1,122,41,6,7,21.2,250,21,0,0,arterial,3,comercial,0,0,2
2026-04-15 16:15:00,A2,135,45,7,8,18.7,266,25,0,0,arterial,2,residencial,0,0,2
2026-04-15 16:30:00,B1,149,50,7,8,16.0,284,30,0,0,arterial,3,comercial,0,0,2
2026-04-15 16:45:00,C1,154,51,8,9,14.9,290,32,0,0,colectora,2,mixta,0,0,2
2026-04-15 17:00:00,A1,176,59,9,10,10.8,316,42,0,0,arterial,3,comercial,1,0,2
2026-04-15 17:15:00,A2,186,62,9,10,10.0,328,46,0,0,arterial,2,residencial,1,0,2
2026-04-15 17:30:00,B1,194,65,10,11,10.0,337,50,1,0,arterial,3,comercial,1,0,2
2026-04-15 17:45:00,C1,180,60,9,10,10.1,320,44,0,0,colectora,2,mixta,1,0,2
2026-04-15 18:00:00,A1,171,57,9,10,12.0,310,39,0,0,arterial,3,comercial,1,0,2
2026-04-15 18:15:00,A2,161,54,8,9,13.8,298,35,0,0,arterial,2,residencial,1,0,2
2026-04-15 18:30:00,B1,149,50,7,8,16.0,284,30,0,0,arterial,3,comercial,1,0,2
2026-04-15 18:45:00,C1,139,46,7,8,17.8,271,26,0,0,colectora,2,mixta,1,0,2
2026-04-15 19:00:00,A1,123,41,6,7,21.0,252,22,0,0,arterial,3,comercial,0,0,2
2026-04-15 19:15:00,A2,111,37,6,6,23.7,237,18,0,0,arterial,2,residencial,0,0,2
2026-04-15 19:30:00,B1,100,33,5,6,26.0,224,15,0,0,arterial,3,comercial,0,0,2
2026-04-15 19:45:00,C1,89,30,4,5,28.3,211,13,0,0,colectora,2,mixta,0,0,1
2026-04-15 20:00:00,A1,74,25,4,4,31.6,194,10,0,0,arterial,3,comercial,0,0,1
2026-04-15 20:15:00,A2,67,22,3,4,32.9,185,8,0,0,arterial,2,residencial,0,0,1
2026-04-15 20:30:00,B1,61,20,3,3,34.6,178,8,0,0,arterial,3,comercial,0,0,1
2026-04-15 20:45:00,C1,56,19,3,3,35.6,172,7,0,0,colectora,2,mixta,0,0,1
2026-04-15 21:00:00,A1,51,17,3,3,37.3,165,6,0,0,arterial,3,comercial,0,0,0
2026-04-15 21:15:00,A2,45,15,2,2,38.5,158,5,0,0,arterial,2,residencial,0,0,0
2026-04-15 21:30:00,B1,41,13,2,2,39.5,154,4,0,0,arterial,3,comercial,0,0,0
2026-04-15 21:45:00,C1,38,12,2,2,40.4,150,4,0,0,colectora,2,mixta,0,0,0
2026-04-15 22:00:00,A1,47,15,2,3,38.0,160,5,0,0,arterial,3,comercial,0,0,0
2026-04-15 22:15:00,A2,42,14,2,2,39.1,155,4,0,0,arterial,2,residencial,0,0,0
2026-04-15 22:30:00,B1,36,12,2,2,41.2,149,4,0,0,arterial,3,comercial,0,0,0
2026-04-15 22:45:00,C1,39,13,2,2,40.1,151,4,0,0,colectora,2,mixta,0,0,0
2026-04-15 23:00:00,A1,53,18,3,3,36.7,167,6,0,0,arterial,3,comercial,0,0,0
2026-04-15 23:15:00,A2,47,15,2,3,38.0,160,5,0,0,arterial,2,residencial,0,0,0
2026-04-15 23:30:00,B1,43,14,2,2,39.0,156,4,0,0,arterial,3,comercial,0,0,0
2026-04-15 23:45:00,C1,34,11,2,2,41.8,147,3,0,0,colectora,2,mixta,0,0,0
2026-04-16 00:00:00,A1,37,12,2,2,40.9,150,4,0,0,arterial,3,comercial,0,0,0
2026-04-16 00:15:00,A2,45,15,2,2,38.5,158,5,0,0,arterial,2,residencial,0,0,0
2026-04-16 00:30:00,B1,50,17,3,3,37.6,164,5,0,0,arterial,3,comercial,0,0,0
2026-04-16 00:45:00,C1,41,13,2,2,39.5,154,4,0,0,colectora,2,mixta,0,0,0
2026-04-16 01:00:00,A1,52,17,3,3,36.9,166,6,0,0,arterial,3,comercial,0,0,0
2026-04-16 01:15:00,A2,47,15,2,3,38.0,160,5,0,0,arterial,2,residencial,0,0,0
2026-04-16 01:30:00,B1,39,13,2,2,40.1,151,4,0,0,arterial,3,comercial,0,0,0
2026-04-16 01:45:00,C1,34,11,2,2,41.8,147,3,0,0,colectora,2,mixta,0,0,0
2026-04-16 02:00:00,A1,49,16,2,2,37.8,163,5,0,0,arterial,3,comercial,0,0,0
2026-04-16 02:15:00,A2,44,14,2,2,38.7,156,4,0,0,arterial,2,residencial,0,0,0
2026-04-16 02:30:00,B1,38,12,2,2,40.4,150,4,0,0,arterial,3,comercial,0,0,0
2026-04-16 02:45:00,C1,55,18,3,3,36.0,170,6,0,0,colectora,2,mixta,0,0,1
2026-04-16 03:00:00,A1,48,16,2,3,37.9,161,5,0,0,arterial,3,comercial,0,0,0
2026-04-16 03:15:00,A2,42,14,2,2,39.1,155,4,0,0,arterial,2,residencial,0,0,0
2026-04-16 03:30:00,B1,36,12,2,2,41.2,149,4,0,0,arterial,3,comercial,0,0,0
2026-04-16 03:45:00,C1,40,13,2,2,39.7,153,4,0,0,colectora,2,mixta,0,0,0
2026-04-16 04:00:00,A1,53,18,3,3,36.7,167,6,0,0,arterial,3,comercial,0,0,0
2026-04-16 04:15:00,A2,48,16,2,3,37.9,161,5,0,0,arterial,2,residencial,0,0,0
2026-04-16 04:30:00,B1,44,14,2,2,38.7,156,4,0,0,arterial,3,comercial,0,0,0
2026-04-16 04:45:00,C1,50,17,3,3,37.6,164,5,0,0,colectora,2,mixta,0,0,0
2026-04-16 05:00:00,A1,65,22,3,4,33.7,182,8,0,0,arterial,3,comercial,0,0,1
2026-04-16 05:15:00,A2,70,23,4,4,32.4,189,9,0,0,arterial,2,residencial,0,0,1
2026-04-16 05:30:00,B1,63,21,3,3,34.1,180,8,0,0,arterial,3,comercial,0,0,1
2026-04-16 05:45:00,C1,76,25,4,4,31.2,196,10,0,0,colectora,2,mixta,0,0,1
2026-04-16 06:00:00,A1,83,28,4,5,29.6,204,11,0,0,arterial,3,comercial,0,0,1
2026-04-16 06:15:00,A2,91,30,5,5,27.9,214,13,0,0,arterial,2,residencial,0,0,1
2026-04-16 06:30:00,B1,102,34,5,6,25.5,227,16,0,0,arterial,3,comercial,0,0,2
2026-04-16 06:45:00,C1,110,37,6,6,23.9,236,18,0,0,colectora,2,mixta,0,0,2
2026-04-16 07:00:00,A1,139,46,7,8,17.8,271,26,0,0,arterial,3,comercial,1,0,2
2026-04-16 07:15:00,A2,153,51,8,8,15.1,289,32,1,0,arterial,2,residencial,1,0,2
2026-04-16 07:30:00,B1,166,55,8,9,12.7,305,37,0,0,arterial,3,comercial,1,0,2
2026-04-16 07:45:00,C1,147,49,7,8,16.3,282,30,0,0,colectora,2,mixta,1,0,2
2026-04-16 08:00:00,A1,157,52,8,9,14.3,293,33,0,0,arterial,3,comercial,1,0,2
2026-04-16 08:15:00,A2,170,57,9,10,11.8,309,39,0,0,arterial,2,residencial,1,0,2
2026-04-16 08:30:00,B1,178,59,9,10,10.3,319,43,0,0,arterial,3,comercial,1,0,2
2026-04-16 08:45:00,C1,150,50,8,8,15.7,285,30,0,0,colectora,2,mixta,1,0,2
2026-04-16 09:00:00,A1,125,42,6,7,20.4,254,22,0,0,arterial,3,comercial,0,0,2
2026-04-16 09:15:00,A2,111,37,6,6,23.7,237,18,0,0,arterial,2,residencial,0,0,2
2026-04-16 09:30:00,B1,99,33,5,5,26.2,223,15,0,0,arterial,3,comercial,0,0,2
2026-04-16 09:45:00,C1,93,31,5,5,27.4,216,14,0,0,colectora,2,mixta,0,0,1
2026-04-16 10:00:00,A1,102,34,5,6,25.5,227,16,0,0,arterial,3,comercial,0,0,2
2026-04-16 10:15:00,A2,108,36,5,6,24.4,234,18,0,0,arterial,2,residencial,0,0,2
2026-04-16 10:30:00,B1,116,39,6,6,22.7,243,20,0,0,arterial,3,comercial,0,0,2
2026-04-16 10:45:00,C1,122,41,6,7,21.2,250,21,0,0,colectora,2,mixta,0,0,2
2026-04-16 11:00:00,A1,155,52,8,9,14.7,291,33,1,0,arterial,3,comercial,1,0,2
2026-04-16 11:15:00,A2,172,57,9,10,11.6,311,40,0,0,arterial,2,residencial,1,0,2
2026-04-16 11:30:00,B1,181,60,9,10,10.0,322,44,0,0,arterial,3,comercial,1,0,2
2026-04-16 11:45:00,C1,166,55,8,9,12.7,305,37,0,0,colectora,2,mixta,1,0,2
2026-04-16 12:00:00,A1,149,50,7,8,16.0,284,30,0,0,arterial,3,comercial,1,0,2
2026-04-16 12:15:00,A2,137,46,7,8,18.3,269,26,0,0,arterial,2,residencial,1,0,2
2026-04-16 12:30:00,B1,127,42,6,7,20.2,256,23,0,0,arterial,3,comercial,1,0,2
2026-04-16 12:45:00,C1,119,40,6,7,22.1,247,20,0,0,colectora,2,mixta,1,0,2
2026-04-16 13:00:00,A1,106,35,5,6,24.6,232,17,0,0,arterial,3,comercial,0,0,2
2026-04-16 13:15:00,A2,100,33,5,6,26.0,224,15,0,0,arterial,2,residencial,0,0,2
2026-04-16 13:30:00,B1,94,31,5,5,27.2,217,14,0,0,arterial,3,comercial,0,0,1
2026-04-16 13:45:00,C1,88,29,4,5,28.5,210,12,0,0,colectora,2,mixta,0,0,1
2026-04-16 14:00:00,A1,80,27,4,4,30.3,200,11,0,0,arterial,3,comercial,0,0,1
2026-04-16 14:15:00,A2,75,25,4,4,31.4,195,10,0,0,arterial,2,residencial,0,0,1
2026-04-16 14:30:00,B1,79,26,4,4,30.6,199,10,0,0,arterial,3,comercial,0,0,1
2026-04-16 14:45:00,C1,83,28,4,5,29.6,204,11,0,0,colectora,2,mixta,0,0,1
2026-04-16 15:00:00,A1,92,31,5,5,27.6,215,13,0,0,arterial,3,comercial,0,0,1
2026-04-16 15:15:00,A2,99,33,5,5,26.2,223,15,0,0,arterial,2,residencial,0,0,2
2026-04-16 15:30:00,B1,104,35,5,6,25.1,229,16,0,0,arterial,3,comercial,0,0,2
2026-04-16 15:45:00,C1,111,37,6,6,23.7,237,18,0,0,colectora,2,mixta,0,0,2
2026-04-16 16:00:00,A1,126,42,6,7,20.1,255,23,0,0,arterial,3,comercial,0,0,2
2026-04-16 16:15:00,A2,139,46,7,8,17.8,271,26,0,0,arterial,2,residencial,0,0,2
2026-04-16 16:30:00,B1,152,51,8,8,15.3,288,31,0,0,arterial,3,comercial,0,0,2
2026-04-16 16:45:00,C1,158,53,8,9,14.1,294,33,0,0,colectora,2,mixta,0,0,2
2026-04-16 17:00:00,A1,180,60,9,10,10.1,320,44,0,0,arterial,3,comercial,1,0,2
2026-04-16 17:15:00,A2,190,63,10,11,10.0,332,48,0,0,arterial,2,residencial,1,0,2
2026-04-16 17:30:00,B1,198,66,10,11,10.0,341,52,0,0,arterial,3,comercial,1,0,2
2026-04-16 17:45:00,C1,183,61,9,10,10.0,324,45,0,0,colectora,2,mixta,1,0,2
2026-04-16 18:00:00,A1,175,58,9,10,10.9,316,42,0,0,arterial,3,comercial,1,0,2
2026-04-16 18:15:00,A2,164,55,8,9,13.1,301,36,1,0,arterial,2,residencial,1,0,2
2026-04-16 18:30:00,B1,153,51,8,8,15.1,289,32,0,0,arterial,3,comercial,1,0,2
2026-04-16 18:45:00,C1,142,47,7,8,17.3,275,27,0,0,colectora,2,mixta,1,0,2
2026-04-16 19:00:00,A1,126,42,6,7,20.1,255,23,0,0,arterial,3,comercial,0,0,2
2026-04-16 19:15:00,A2,114,38,6,6,23.1,241,19,0,0,arterial,2,residencial,0,0,2
2026-04-16 19:30:00,B1,103,34,5,6,25.3,228,16,0,0,arterial,3,comercial,0,0,2
2026-04-16 19:45:00,C1,93,31,5,5,27.4,216,14,0,0,colectora,2,mixta,0,0,1
2026-04-16 20:00:00,A1,78,26,4,4,30.8,198,10,0,0,arterial,3,comercial,0,0,1
2026-04-16 20:15:00,A2,70,23,4,4,32.4,189,9,0,0,arterial,2,residencial,0,0,1
2026-04-16 20:30:00,B1,64,21,3,3,33.9,181,8,0,0,arterial,3,comercial,0,0,1
2026-04-16 20:45:00,C1,59,20,3,3,35.0,175,7,0,0,colectora,2,mixta,0,0,1
2026-04-16 21:00:00,A1,55,18,3,3,36.0,170,6,0,0,arterial,3,comercial,0,0,1
2026-04-16 21:15:00,A2,48,16,2,3,37.9,161,5,0,0,arterial,2,residencial,0,0,0
2026-04-16 21:30:00,B1,44,14,2,2,38.7,156,4,0,0,arterial,3,comercial,0,0,0
2026-04-16 21:45:00,C1,40,13,2,2,39.7,153,4,0,0,colectora,2,mixta,0,0,0
2026-04-16 22:00:00,A1,51,17,3,3,37.3,165,6,0,0,arterial,3,comercial,0,0,0
2026-04-16 22:15:00,A2,45,15,2,2,38.5,158,5,0,0,arterial,2,residencial,0,0,0
2026-04-16 22:30:00,B1,39,13,2,2,40.1,151,4,0,0,arterial,3,comercial,0,0,0
2026-04-16 22:45:00,C1,42,14,2,2,39.1,155,4,0,0,colectora,2,mixta,0,0,0
2026-04-16 23:00:00,A1,56,19,3,3,35.6,172,7,0,0,arterial,3,comercial,0,0,1
2026-04-16 23:15:00,A2,50,17,3,3,37.6,164,5,0,0,arterial,2,residencial,0,0,0
2026-04-16 23:30:00,B1,46,15,2,3,38.2,158,5,0,0,arterial,3,comercial,0,0,0
2026-04-16 23:45:00,C1,37,12,2,2,40.9,150,4,0,0,colectora,2,mixta,0,0,0
2026-04-17 00:00:00,A1,31,10,2,1,42.5,144,3,0,0,arterial,3,comercial,0,0,0
2026-04-17 00:15:00,A2,38,12,2,2,40.4,150,4,0,0,arterial,2,residencial,0,0,0
2026-04-17 00:30:00,B1,44,14,2,2,38.7,156,4,0,0,arterial,3,comercial,0,0,0
2026-04-17 00:45:00,C1,35,11,2,2,41.4,148,3,0,0,colectora,2,mixta,0,0,0
2026-04-17 01:00:00,A1,46,15,2,3,38.2,158,5,0,0,arterial,3,comercial,0,0,0
2026-04-17 01:15:00,A2,40,13,2,2,39.7,153,4,0,0,arterial,2,residencial,0,0,0
2026-04-17 01:30:00,B1,33,11,2,2,42.0,146,3,0,0,arterial,3,comercial,0,0,0
2026-04-17 01:45:00,C1,48,16,2,3,37.9,161,5,0,0,colectora,2,mixta,0,0,0
2026-04-17 02:00:00,A1,42,14,2,2,39.1,155,4,0,0,arterial,3,comercial,0,0,0
2026-04-17 02:15:00,A2,36,12,2,2,41.2,149,4,0,0,arterial,2,residencial,0,0,0
2026-04-17 02:30:00,B1,31,10,2,1,42.5,144,3,0,0,arterial,3,comercial,0,0,0
2026-04-17 02:45:00,C1,49,16,2,2,37.8,163,5,0,0,colectora,2,mixta,0,0,0
2026-04-17 03:00:00,A1,41,13,2,2,39.5,154,4,0,0,arterial,3,comercial,0,0,0
2026-04-17 03:15:00,A2,36,12,2,2,41.2,149,4,0,0,arterial,2,residencial,0,0,0
2026-04-17 03:30:00,B1,31,10,2,1,42.5,144,3,0,0,arterial,3,comercial,0,0,0
2026-04-17 03:45:00,C1,34,11,2,2,41.8,147,3,0,0,colectora,2,mixta,0,0,0
2026-04-17 04:00:00,A1,47,15,2,3,38.0,160,5,0,0,arterial,3,comercial,0,0,0
2026-04-17 04:15:00,A2,41,13,2,2,39.5,154,4,0,0,arterial,2,residencial,0,0,0
2026-04-17 04:30:00,B1,37,12,2,2,40.9,150,4,0,0,arterial,3,comercial,0,0,0
2026-04-17 04:45:00,C1,42,14,2,2,39.1,155,4,0,0,colectora,2,mixta,0,0,0
2026-04-17 05:00:00,A1,59,20,3,3,35.0,175,7,0,0,arterial,3,comercial,0,0,1
2026-04-17 05:15:00,A2,63,21,3,3,34.1,180,8,0,0,arterial,2,residencial,0,0,1
2026-04-17 05:30:00,B1,55,18,3,3,36.0,170,6,0,0,arterial,3,comercial,0,0,1
2026-04-17 05:45:00,C1,66,22,3,4,33.3,184,8,0,0,colectora,2,mixta,0,0,1
2026-04-17 06:00:00,A1,74,25,4,4,31.6,194,10,0,0,arterial,3,comercial,0,0,1
2026-04-17 06:15:00,A2,82,27,4,5,29.9,203,11,0,0,arterial,2,residencial,0,0,1
2026-04-17 06:30:00,B1,92,31,5,5,27.6,215,13,0,0,arterial,3,comercial,0,0,1
2026-04-17 06:45:00,C1,100,33,5,6,26.0,224,15,0,0,colectora,2,mixta,0,0,2
2026-04-17 07:00:00,A1,127,42,6,7,20.2,256,23,0,0,arterial,3,comercial,1,0,2
2026-04-17 07:15:00,A2,140,47,7,8,17.6,272,27,0,0,arterial,2,residencial,1,0,2
2026-04-17 07:30:00,B1,151,50,8,8,15.5,286,30,0,0,arterial,3,comercial,1,0,2
2026-04-17 07:45:00,C1,134,45,7,8,18.9,265,25,0,0,colectora,2,mixta,1,0,2
2026-04-17 08:00:00,A1,144,48,7,8,16.8,278,28,1,0,arterial,3,comercial,1,0,2
2026-04-17 08:15:00,A2,155,52,8,9,14.7,291,33,0,0,arterial,2,residencial,1,0,2
2026-04-17 08:30:00,B1,164,55,8,9,13.1,301,36,0,0,arterial,3,comercial,1,0,2
2026-04-17 08:45:00,C1,139,46,7,8,17.8,271,26,0,0,colectora,2,mixta,1,0,2
2026-04-17 09:00:00,A1,114,38,6,6,23.1,241,19,0,0,arterial,3,comercial,0,0,2
2026-04-17 09:15:00,A2,100,33,5,6,26.0,224,15,0,0,arterial,2,residencial,0,0,2
2026-04-17 09:30:00,B1,88,29,4,5,28.5,210,12,0,0,arterial,3,comercial,0,0,1
2026-04-17 09:45:00,C1,83,28,4,5,29.6,204,11,0,0,colectora,2,mixta,0,0,1
2026-04-17 10:00:00,A1,92,31,5,5,27.6,215,13,0,0,arterial,3,comercial,0,0,1
2026-04-17 10:15:00,A2,98,33,5,5,26.4,222,15,0,0,arterial,2,residencial,0,0,2
2026-04-17 10:30:00,B1,106,35,5,6,24.6,232,17,0,0,arterial,3,comercial,0,0,2
2026-04-17 10:45:00,C1,112,37,6,6,23.5,238,19,0,0,colectora,2,mixta,0,0,2
2026-04-17 11:00:00,A1,143,48,7,8,17.0,276,28,0,0,arterial,3,comercial,1,0,2
2026-04-17 11:15:00,A2,159,53,8,9,14.0,295,34,0,0,arterial,2,residencial,1,0,2
2026-04-17 11:30:00,B1,168,56,8,9,12.4,306,37,1,0,arterial,3,comercial,1,0,2
2026-04-17 11:45:00,C1,153,51,8,8,15.1,289,32,0,0,colectora,2,mixta,1,0,2
2026-04-17 12:00:00,A1,137,46,7,8,18.3,269,26,0,0,arterial,3,comercial,1,0,2
2026-04-17 12:15:00,A2,126,42,6,7,20.1,255,23,0,0,arterial,2,residencial,1,0,2
2026-04-17 12:30:00,B1,116,39,6,6,22.7,243,20,0,0,arterial,3,comercial,1,0,2
2026-04-17 12:45:00,C1,108,36,5,6,24.4,234,18,0,0,colectora,2,mixta,1,0,2
2026-04-17 13:00:00,A1,96,32,5,5,26.8,219,14,0,0,arterial,3,comercial,0,0,2
2026-04-17 13:15:00,A2,90,30,5,5,28.1,212,13,0,0,arterial,2,residencial,0,0,1
2026-04-17 13:30:00,B1,85,28,4,5,29.1,206,12,0,0,arterial,3,comercial,0,0,1
2026-04-17 13:45:00,C1,80,27,4,4,30.3,200,11,0,0,colectora,2,mixta,0,0,1
2026-04-17 14:00:00,A1,71,24,4,4,32.2,190,9,0,0,arterial,3,comercial,0,0,1
2026-04-17 14:15:00,A2,67,22,3,4,32.9,185,8,0,0,arterial,2,residencial,0,0,1
2026-04-17 14:30:00,B1,70,23,4,4,32.4,189,9,0,0,arterial,3,comercial,0,0,1
2026-04-17 14:45:00,C1,74,25,4,4,31.6,194,10,0,0,colectora,2,mixta,0,0,1
2026-04-17 15:00:00,A1,83,28,4,5,29.6,204,11,0,0,arterial,3,comercial,0,0,1
2026-04-17 15:15:00,A2,89,30,4,5,28.3,211,13,0,0,arterial,2,residencial,0,0,1
2026-04-17 15:30:00,B1,94,31,5,5,27.2,217,14,0,0,arterial,3,comercial,0,0,1
2026-04-17 15:45:00,C1,101,34,5,6,25.8,225,16,0,0,colectora,2,mixta,0,0,2
2026-04-17 16:00:00,A1,115,38,6,6,22.9,242,19,0,0,arterial,3,comercial,0,0,2
2026-04-17 16:15:00,A2,127,42,6,7,20.2,256,23,0,0,arterial,2,residencial,0,0,2
2026-04-17 16:30:00,B1,140,47,7,8,17.6,272,27,0,0,arterial,3,comercial,0,0,2
2026-04-17 16:45:00,C1,145,48,7,8,16.7,278,28,0,0,colectora,2,mixta,0,0,2
2026-04-17 17:00:00,A1,166,55,8,9,12.7,305,37,0,0,arterial,3,comercial,1,0,2
2026-04-17 17:15:00,A2,175,58,9,10,10.9,316,42,1,0,arterial,2,residencial,1,0,2
2026-04-17 17:30:00,B1,183,61,9,10,10.0,324,45,0,0,arterial,3,comercial,1,0,2
2026-04-17 17:45:00,C1,170,57,9,10,11.8,309,39,0,0,colectora,2,mixta,1,0,2
2026-04-17 18:00:00,A1,162,54,8,9,13.5,299,35,0,0,arterial,3,comercial,1,0,2
2026-04-17 18:15:00,A2,152,51,8,8,15.3,288,31,0,0,arterial,2,residencial,1,0,2
2026-04-17 18:30:00,B1,140,47,7,8,17.6,272,27,0,0,arterial,3,comercial,1,0,2
2026-04-17 18:45:00,C1,130,43,7,7,19.6,260,23,0,0,colectora,2,mixta,1,0,2
2026-04-17 19:00:00,A1,115,38,6,6,22.9,242,19,0,0,arterial,3,comercial,0,0,2
2026-04-17 19:15:00,A2,104,35,5,6,25.1,229,16,0,0,arterial,2,residencial,0,0,2
2026-04-17 19:30:00,B1,92,31,5,5,27.6,215,13,0,0,arterial,3,comercial,0,0,1
2026-04-17 19:45:00,C1,83,28,4,5,29.6,204,11,0,0,colectora,2,mixta,0,0,1
2026-04-17 20:00:00,A1,69,23,3,4,32.5,187,9,0,0,arterial,3,comercial,0,0,1
2026-04-17 20:15:00,A2,61,20,3,3,34.6,178,8,0,0,arterial,2,residencial,0,0,1
2026-04-17 20:30:00,B1,55,18,3,3,36.0,170,6,0,0,arterial,3,comercial,0,0,1
2026-04-17 20:45:00,C1,49,16,2,2,37.8,163,5,0,0,colectora,2,mixta,0,0,0
2026-04-17 21:00:00,A1,44,14,2,2,38.7,156,4,0,0,arterial,3,comercial,0,0,0
2026-04-17 21:15:00,A2,39,13,2,2,40.1,151,4,0,0,arterial,2,residencial,0,0,0
2026-04-17 21:30:00,B1,35,11,2,2,41.4,148,3,0,0,arterial,3,comercial,0,0,0
2026-04-17 21:45:00,C1,32,11,2,2,42.1,145,3,0,0,colectora,2,mixta,0,0,0
2026-04-17 22:00:00,A1,42,14,2,2,39.1,155,4,0,0,arterial,3,comercial,0,0,0
2026-04-17 22:15:00,A2,36,12,2,2,41.2,149,4,0,0,arterial,2,residencial,0,0,0
2026-04-17 22:30:00,B1,31,10,2,1,42.5,144,3,0,0,arterial,3,comercial,0,0,0
2026-04-17 22:45:00,C1,33,11,2,2,42.0,146,3,0,0,colectora,2,mixta,0,0,0
2026-04-17 23:00:00,A1,46,15,2,3,38.2,158,5,0,0,arterial,3,comercial,0,0,0
2026-04-17 23:15:00,A2,41,13,2,2,39.5,154,4,0,0,arterial,2,residencial,0,0,0
2026-04-17 23:30:00,B1,37,12,2,2,40.9,150,4,0,0,arterial,3,comercial,0,0,0
2026-04-17 23:45:00,C1,31,10,2,1,42.5,144,3,0,0,colectora,2,mixta,0,0,0
2026-04-18 00:00:00,A2,34,11,2,2,41.8,147,3,0,0,arterial,2,residencial,0,0,0
2026-04-18 00:15:00,B1,42,14,2,2,39.1,155,4,0,0,arterial,3,comercial,0,0,0
2026-04-18 00:30:00,A1,48,16,2,3,37.9,161,5,0,0,arterial,3,comercial,0,0,0
2026-04-18 00:45:00,C1,38,12,2,2,40.4,150,4,0,0,colectora,2,mixta,0,0,0
2026-04-18 01:00:00,A1,50,17,3,3,37.6,164,5,0,0,arterial,3,comercial,0,0,0
2026-04-18 01:15:00,A2,44,14,2,2,38.7,156,4,0,0,arterial,2,residencial,0,0,0
2026-04-18 01:30:00,B1,37,12,2,2,40.9,150,4,0,0,arterial,3,comercial,0,0,0
2026-04-18 01:45:00,C1,32,11,2,2,42.1,145,3,0,0,colectora,2,mixta,0,0,0
2026-04-18 02:00:00,A1,47,15,2,3,38.0,160,5,0,0,arterial,3,comercial,0,0,0
2026-04-18 02:15:00,A2,42,14,2,2,39.1,155,4,0,0,arterial,2,residencial,0,0,0
2026-04-18 02:30:00,B1,36,12,2,2,41.2,149,4,0,0,arterial,3,comercial,0,0,0
2026-04-18 02:45:00,C1,53,18,3,3,36.7,167,6,0,0,colectora,2,mixta,0,0,0
2026-04-18 03:00:00,A1,46,15,2,3,38.2,158,5,0,0,arterial,3,comercial,0,0,0
2026-04-18 03:15:00,A2,40,13,2,2,39.7,153,4,0,0,arterial,2,residencial,0,0,0
2026-04-18 03:30:00,B1,35,11,2,2,41.4,148,3,0,0,arterial,3,comercial,0,0,0
2026-04-18 03:45:00,C1,39,13,2,2,40.1,151,4,0,0,colectora,2,mixta,0,0,0
2026-04-18 04:00:00,A1,52,17,3,3,36.9,166,6,0,0,arterial,3,comercial,0,0,0
2026-04-18 04:15:00,A2,46,15,2,3,38.2,158,5,0,0,arterial,2,residencial,0,0,0
2026-04-18 04:30:00,B1,43,14,2,2,39.0,156,4,0,0,arterial,3,comercial,0,0,0
2026-04-18 04:45:00,C1,48,16,2,3,37.9,161,5,0,0,colectora,2,mixta,0,0,0
2026-04-18 05:00:00,A1,62,21,3,3,34.4,179,8,0,0,arterial,3,comercial,0,0,1
2026-04-18 05:15:00,A2,68,23,3,4,32.7,186,9,0,0,arterial,2,residencial,0,0,1
2026-04-18 05:30:00,B1,61,20,3,3,34.6,178,8,0,0,arterial,3,comercial,0,0,1
2026-04-18 05:45:00,C1,73,24,4,4,31.8,193,9,0,0,colectora,2,mixta,0,0,1
2026-04-18 06:00:00,A1,82,27,4,5,29.9,203,11,0,0,arterial,3,comercial,0,0,1
2026-04-18 06:15:00,A2,90,30,5,5,28.1,212,13,0,0,arterial,2,residencial,0,0,1
2026-04-18 06:30:00,B1,100,33,5,6,26.0,224,15,0,0,arterial,3,comercial,0,0,2
2026-04-18 06:45:00,C1,108,36,5,6,24.4,234,18,0,0,colectora,2,mixta,0,0,2
2026-04-18 07:00:00,A1,137,46,7,8,18.3,269,26,0,0,arterial,3,comercial,1,0,2
2026-04-18 07:15:00,A2,151,50,8,8,15.5,286,30,0,0,arterial,2,residencial,1,0,2
2026-04-18 07:30:00,B1,164,55,8,9,13.1,301,36,0,0,arterial,3,comercial,1,0,2
2026-04-18 07:45:00,C1,146,49,7,8,16.5,280,29,0,0,colectora,2,mixta,1,0,2
2026-04-18 08:00:00,A1,155,52,8,9,14.7,291,33,0,0,arterial,3,comercial,1,0,2
2026-04-18 08:15:00,A2,168,56,8,9,12.4,306,37,1,0,arterial,2,residencial,1,0,2
2026-04-18 08:30:00,B1,177,59,9,10,10.6,317,42,0,0,arterial,3,comercial,1,0,2
2026-04-18 08:45:00,C1,149,50,7,8,16.0,284,30,0,0,colectora,2,mixta,1,0,2
2026-04-18 09:00:00,A1,123,41,6,7,21.0,252,22,0,0,arterial,3,comercial,0,0,2
2026-04-18 09:15:00,A2,109,36,5,6,24.2,235,18,0,0,arterial,2,residencial,0,0,2
2026-04-18 09:30:00,B1,97,32,5,5,26.6,221,14,0,0,arterial,3,comercial,0,0,2
2026-04-18 09:45:00,C1,91,30,5,5,27.9,214,13,0,0,colectora,2,mixta,0,0,1
2026-04-18 10:00:00,A1,100,33,5,6,26.0,224,15,0,0,arterial,3,comercial,0,0,2
2026-04-18 10:15:00,A2,106,35,5,6,24.6,232,17,0,0,arterial,2,residencial,0,0,2
2026-04-18 10:30:00,B1,114,38,6,6,23.1,241,19,0,0,arterial,3,comercial,0,0,2
2026-04-18 10:45:00,C1,120,40,6,7,21.6,248,20,0,0,colectora,2,mixta,0,0,2
2026-04-18 11:00:00,A1,153,51,8,8,15.1,289,32,0,0,arterial,3,comercial,1,0,2
2026-04-18 11:15:00,A2,170,57,9,10,11.8,309,39,0,0,arterial,2,residencial,1,0,2
2026-04-18 11:30:00,B1,179,60,9,10,10.1,321,44,0,0,arterial,3,comercial,1,0,2
2026-04-18 11:45:00,C1,164,55,8,9,13.1,301,36,0,0,colectora,2,mixta,1,0,2
2026-04-18 12:00:00,A1,148,49,7,8,16.2,282,29,0,0,arterial,3,comercial,1,0,2
2026-04-18 12:15:00,A2,135,45,7,8,18.7,266,25,0,0,arterial,2,residencial,1,0,2
2026-04-18 12:30:00,B1,125,42,6,7,20.4,254,22,0,0,arterial,3,comercial,1,0,2
2026-04-18 12:45:00,C1,117,39,6,7,22.5,244,20,0,0,colectora,2,mixta,1,0,2
2026-04-18 13:00:00,A1,105,35,5,6,25.0,230,16,0,0,arterial,3,comercial,0,0,2
2026-04-18 13:15:00,A2,98,33,5,5,26.4,222,15,0,0,arterial,2,residencial,0,0,2
2026-04-18 13:30:00,B1,92,31,5,5,27.6,215,13,0,0,arterial,3,comercial,0,0,1
2026-04-18 13:45:00,C1,87,29,4,5,28.6,209,12,0,0,colectora,2,mixta,0,0,1
2026-04-18 14:00:00,A1,78,26,4,4,30.8,198,10,0,0,arterial,3,comercial,0,0,1
2026-04-18 14:15:00,A2,73,24,4,4,31.8,193,9,0,0,arterial,2,residencial,0,0,1
2026-04-18 14:30:00,B1,77,26,4,4,31.0,197,10,0,0,arterial,3,comercial,0,0,1
2026-04-18 14:45:00,C1,81,27,4,5,30.2,201,11,0,0,colectora,2,mixta,0,0,1
2026-04-18 15:00:00,A1,90,30,5,5,28.1,212,13,0,0,arterial,3,comercial,0,0,1
2026-04-18 15:15:00,A2,97,32,5,5,26.6,221,14,0,0,arterial,2,residencial,0,0,2
2026-04-18 15:30:00,B1,102,34,5,6,25.5,227,16,0,0,arterial,3,comercial,0,0,2
2026-04-18 15:45:00,C1,109,36,5,6,24.2,235,18,0,0,colectora,2,mixta,0,0,2
2026-04-18 16:00:00,A1,124,41,6,7,20.8,253,22,0,0,arterial,3,comercial,0,0,2
2026-04-18 16:15:00,A2,137,46,7,8,18.3,269,26,0,0,arterial,2,residencial,0,0,2
2026-04-18 16:30:00,B1,150,50,8,8,15.7,285,30,0,0,arterial,3,comercial,0,0,2
2026-04-18 16:45:00,C1,156,52,8,9,14.5,292,33,0,0,colectora,2,mixta,0,0,2
2026-04-18 17:00:00,A1,178,59,9,10,10.3,319,43,1,0,arterial,3,comercial,1,0,2
2026-04-18 17:15:00,A2,188,63,9,11,10.0,330,47,0,0,arterial,2,residencial,1,0,2
2026-04-18 17:30:00,B1,196,65,10,11,10.0,339,51,0,0,arterial,3,comercial,1,0,2
2026-04-18 17:45:00,C1,182,61,9,10,10.0,323,44,0,0,colectora,2,mixta,1,0,2
2026-04-18 18:00:00,A1,173,58,9,10,11.4,312,40,0,0,arterial,3,comercial,1,0,2
2026-04-18 18:15:00,A2,163,54,8,9,13.3,300,36,0,0,arterial,2,residencial,1,0,2
2026-04-18 18:30:00,B1,151,50,8,8,15.5,286,30,0,0,arterial,3,comercial,1,0,2
2026-04-18 18:45:00,C1,141,47,7,8,17.4,274,27,0,0,colectora,2,mixta,1,0,2
2026-04-18 19:00:00,A1,124,41,6,7,20.8,253,22,0,0,arterial,3,comercial,0,0,2
2026-04-18 19:15:00,A2,113,38,6,6,23.3,240,19,0,0,arterial,2,residencial,0,0,2
2026-04-18 19:30:00,B1,101,34,5,6,25.8,225,16,0,0,arterial,3,comercial,0,0,2
2026-04-18 19:45:00,C1,91,30,5,5,27.9,214,13,0,0,colectora,2,mixta,0,0,1
2026-04-18 20:00:00,A1,76,25,4,4,31.2,196,10,0,0,arterial,3,comercial,0,0,1
2026-04-18 20:15:00,A2,69,23,3,4,32.5,187,9,0,0,arterial,2,residencial,0,0,1
2026-04-18 20:30:00,B1,63,21,3,3,34.1,180,8,0,0,arterial,3,comercial,0,0,1
2026-04-18 20:45:00,C1,57,19,3,3,35.4,173,7,0,0,colectora,2,mixta,0,0,1
2026-04-18 21:00:00,A1,52,17,3,3,36.9,166,6,0,0,arterial,3,comercial,0,0,0
2026-04-18 21:15:00,A2,46,15,2,3,38.2,158,5,0,0,arterial,2,residencial,0,0,0
2026-04-18 21:30:00,B1,42,14,2,2,39.1,155,4,0,0,arterial,3,comercial,0,0,0
2026-04-18 21:45:00,C1,39,13,2,2,40.1,151,4,0,0,colectora,2,mixta,0,0,0
2026-04-18 22:00:00,A1,49,16,2,2,37.8,163,5,0,0,arterial,3,comercial,0,0,0
2026-04-18 22:15:00,A2,43,14,2,2,39.0,156,4,0,0,arterial,2,residencial,0,0,0
2026-04-18 22:30:00,B1,37,12,2,2,40.9,150,4,0,0,arterial,3,comercial,0,0,0
2026-04-18 22:45:00,C1,40,13,2,2,39.7,153,4,0,0,colectora,2,mixta,0,0,0
2026-04-18 23:00:00,A1,54,18,3,3,36.5,168,6,0,0,arterial,3,comercial,0,0,0
2026-04-18 23:15:00,A2,48,16,2,3,37.9,161,5,0,0,arterial,2,residencial,0,0,0
2026-04-18 23:30:00,B1,44,14,2,2,38.7,156,4,0,0,arterial,3,comercial,0,0,0
2026-04-18 23:45:00,C1,35,11,2,2,41.4,148,3,0,0,colectora,2,mixta,0,0,0
2026-04-19 00:00:00,B1,35,11,2,2,41.4,148,3,0,0,arterial,3,comercial,0,0,0
2026-04-19 00:15:00,A1,46,15,2,3,38.2,158,5,0,0,arterial,3,comercial,0,0,0
2026-04-19 00:30:00,A2,51,17,3,3,37.3,165,6,0,0,arterial,2,residencial,0,0,0
2026-04-19 00:45:00,C1,42,14,2,2,39.1,155,4,0,0,colectora,2,mixta,0,0,0
2026-04-19 01:00:00,A1,52,17,3,3,36.9,166,6,0,0,arterial,3,comercial,0,0,0
2026-04-19 01:15:00,A2,47,15,2,3,38.0,160,5,0,0,arterial,2,residencial,0,0,0
2026-04-19 01:30:00,B1,40,13,2,2,39.7,153,4,0,0,arterial,3,comercial,0,0,0
2026-04-19 01:45:00,C1,34,11,2,2,41.8,147,3,0,0,colectora,2,mixta,0,0,0
2026-04-19 02:00:00,A1,49,16,2,2,37.8,163,5,0,0,arterial,3,comercial,0,0,0
2026-04-19 02:15:00,A2,44,14,2,2,38.7,156,4,0,0,arterial,2,residencial,0,0,0
2026-04-19 02:30:00,B1,38,12,2,2,40.4,150,4,0,0,arterial,3,comercial,0,0,0
2026-04-19 02:45:00,C1,55,18,3,3,36.0,170,6,0,0,colectora,2,mixta,0,0,1
2026-04-19 03:00:00,A1,47,15,2,3,38.0,160,5,0,0,arterial,3,comercial,0,0,0
2026-04-19 03:15:00,A2,42,14,2,2,39.1,155,4,0,0,arterial,2,residencial,0,0,0
2026-04-19 03:30:00,B1,36,12,2,2,41.2,149,4,0,0,arterial,3,comercial,0,0,0
2026-04-19 03:45:00,C1,39,13,2,2,40.1,151,4,0,0,colectora,2,mixta,0,0,0
2026-04-19 04:00:00,A1,53,18,3,3,36.7,167,6,0,0,arterial,3,comercial,0,0,0
2026-04-19 04:15:00,A2,47,15,2,3,38.0,160,5,0,0,arterial,2,residencial,0,0,0
2026-04-19 04:30:00,B1,43,14,2,2,39.0,156,4,0,0,arterial,3,comercial,0,0,0
2026-04-19 04:45:00,C1,49,16,2,2,37.8,163,5,0,0,colectora,2,mixta,0,0,0
2026-04-19 05:00:00,A1,64,21,3,3,33.9,181,8,0,0,arterial,3,comercial,0,0,1
2026-04-19 05:15:00,A2,70,23,4,4,32.4,189,9,0,0,arterial,2,residencial,0,0,1
2026-04-19 05:30:00,B1,62,21,3,3,34.4,179,8,0,0,arterial,3,comercial,0,0,1
2026-04-19 05:45:00,C1,75,25,4,4,31.4,195,10,0,0,colectora,2,mixta,0,0,1
2026-04-19 06:00:00,A1,83,28,4,5,29.6,204,11,0,0,arterial,3,comercial,0,0,1
2026-04-19 06:15:00,A2,91,30,5,5,27.9,214,13,0,0,arterial,2,residencial,0,0,1
2026-04-19 06:30:00,B1,102,34,5,6,25.5,227,16,0,0,arterial,3,comercial,0,0,2
2026-04-19 06:45:00,C1,109,36,5,6,24.2,235,18,0,0,colectora,2,mixta,0,0,2
2026-04-19 07:00:00,A1,139,46,7,8,17.8,271,26,0,0,arterial,3,comercial,1,0,2
2026-04-19 07:15:00,A2,153,51,8,8,15.1,289,32,0,0,arterial,2,residencial,1,0,2
2026-04-19 07:30:00,B1,166,55,8,9,12.7,305,37,0,0,arterial,3,comercial,1,0,2
2026-04-19 07:45:00,C1,147,49,7,8,16.3,282,30,0,0,colectora,2,mixta,1,0,2
2026-04-19 08:00:00,A1,157,52,8,9,14.3,293,33,0,0,arterial,3,comercial,1,0,2
2026-04-19 08:15:00,A2,170,57,9,10,11.8,309,39,1,0,arterial,2,residencial,1,0,2
2026-04-19 08:30:00,B1,179,60,9,10,10.1,321,44,0,0,arterial,3,comercial,1,0,2
2026-04-19 08:45:00,C1,151,50,8,8,15.5,286,30,0,0,colectora,2,mixta,1,0,2
2026-04-19 09:00:00,A1,124,41,6,7,20.8,253,22,0,0,arterial,3,comercial,0,0,2
2026-04-19 09:15:00,A2,111,37,6,6,23.7,237,18,0,0,arterial,2,residencial,0,0,2
2026-04-19 09:30:00,B1,99,33,5,5,26.2,223,15,0,0,arterial,3,comercial,0,0,2
2026-04-19 09:45:00,C1,93,31,5,5,27.4,216,14,0,0,colectora,2,mixta,0,0,1
2026-04-19 10:00:00,A1,102,34,5,6,25.5,227,16,0,0,arterial,3,comercial,0,0,2
2026-04-19 10:15:00,A2,108,36,5,6,24.4,234,18,0,0,arterial,2,residencial,0,0,2
2026-04-19 10:30:00,B1,116,39,6,6,22.7,243,20,0,0,arterial,3,comercial,0,0,2
2026-04-19 10:45:00,C1,123,41,6,7,21.0,252,22,0,0,colectora,2,mixta,0,0,2
2026-04-19 11:00:00,A1,155,52,8,9,14.7,291,33,0,0,arterial,3,comercial,1,0,2
2026-04-19 11:15:00,A2,173,58,9,10,11.4,312,40,0,0,arterial,2,residencial,1,0,2
2026-04-19 11:30:00,B1,182,61,9,10,10.0,323,44,0,0,arterial,3,comercial,1,0,2
2026-04-19 11:45:00,C1,166,55,8,9,12.7,305,37,0,0,colectora,2,mixta,1,0,2
2026-04-19 12:00:00,A1,150,50,8,8,15.7,285,30,0,0,arterial,3,comercial,1,0,2
2026-04-19 12:15:00,A2,138,46,7,8,18.1,270,26,0,0,arterial,2,residencial,1,0,2
2026-04-19 12:30:00,B1,128,43,6,7,20.0,258,23,0,0,arterial,3,comercial,1,0,2
2026-04-19 12:45:00,C1,120,40,6,7,21.6,248,20,0,0,colectora,2,mixta,1,0,2
2026-04-19 13:00:00,A1,107,36,5,6,24.6,234,18,0,0,arterial,3,comercial,0,0,2
2026-04-19 13:15:00,A2,100,33,5,6,26.0,224,15,0,0,arterial,2,residencial,0,0,2
2026-04-19 13:30:00,B1,95,32,5,5,27.0,218,14,0,0,arterial,3,comercial,0,0,2
2026-04-19 13:45:00,C1,89,30,4,5,28.3,211,13,0,0,colectora,2,mixta,0,0,1
2026-04-19 14:00:00,A1,80,27,4,4,30.3,200,11,0,0,arterial,3,comercial,0,0,1
2026-04-19 14:15:00,A2,76,25,4,4,31.2,196,10,0,0,arterial,2,residencial,0,0,1
2026-04-19 14:30:00,B1,79,26,4,4,30.6,199,10,0,0,arterial,3,comercial,0,0,1
2026-04-19 14:45:00,C1,84,28,4,5,29.4,205,11,0,0,colectora,2,mixta,0,0,1
2026-04-19 15:00:00,A1,92,31,5,5,27.6,215,13,0,0,arterial,3,comercial,0,0,1
2026-04-19 15:15:00,A2,99,33,5,5,26.2,223,15,0,0,arterial,2,residencial,0,0,2
2026-04-19 15:30:00,B1,105,35,5,6,25.0,230,16,0,0,arterial,3,comercial,0,0,2
2026-04-19 15:45:00,C1,112,37,6,6,23.5,238,19,0,0,colectora,2,mixta,0,0,2
2026-04-19 16:00:00,A1,127,42,6,7,20.2,256,23,0,0,arterial,3,comercial,0,0,2
2026-04-19 16:15:00,A2,140,47,7,8,17.6,272,27,0,0,arterial,2,residencial,0,0,2
2026-04-19 16:30:00,B1,153,51,8,8,15.1,289,32,0,0,arterial,3,comercial,0,0,2
2026-04-19 16:45:00,C1,158,53,8,9,14.1,294,33,0,0,colectora,2,mixta,0,0,2
2026-04-19 17:00:00,A1,181,60,9,10,10.0,322,44,0,0,arterial,3,comercial,1,0,2
2026-04-19 17:15:00,A2,190,63,10,11,10.0,332,48,1,0,arterial,2,residencial,1,0,2
2026-04-19 17:30:00,B1,199,66,10,11,10.0,342,52,0,0,arterial,3,comercial,1,0,2
2026-04-19 17:45:00,C1,185,62,9,10,10.0,327,46,0,0,colectora,2,mixta,1,0,2
2026-04-19 18:00:00,A1,176,59,9,10,10.8,316,42,0,0,arterial,3,comercial,1,0,2
2026-04-19 18:15:00,A2,166,55,8,9,12.7,305,37,0,0,arterial,2,residencial,1,0,2
2026-04-19 18:30:00,B1,154,51,8,9,14.9,290,32,0,0,arterial,3,comercial,1,0,2
2026-04-19 18:45:00,C1,144,48,7,8,16.8,278,28,0,0,colectora,2,mixta,1,0,2
2026-04-19 19:00:00,A1,127,42,6,7,20.2,256,23,0,0,arterial,3,comercial,0,0,2
2026-04-19 19:15:00,A2,115,38,6,6,22.9,242,19,0,0,arterial,2,residencial,0,0,2
2026-04-19 19:30:00,B1,104,35,5,6,25.1,229,16,0,0,arterial,3,comercial,0,0,2
2026-04-19 19:45:00,C1,94,31,5,5,27.2,217,14,0,0,colectora,2,mixta,0,0,1
2026-04-19 20:00:00,A1,79,26,4,4,30.6,199,10,0,0,arterial,3,comercial,0,0,1
2026-04-19 20:15:00,A2,71,24,4,4,32.2,190,9,0,0,arterial,2,residencial,0,0,1
2026-04-19 20:30:00,B1,65,22,3,4,33.7,182,8,0,0,arterial,3,comercial,0,0,1
2026-04-19 20:45:00,C1,60,20,3,3,34.8,176,7,0,0,colectora,2,mixta,0,0,1
2026-04-19 21:00:00,A1,55,18,3,3,36.0,170,6,0,0,arterial,3,comercial,0,0,1
2026-04-19 21:15:00,A2,49,16,2,2,37.8,163,5,0,0,arterial,2,residencial,0,0,0
2026-04-19 21:30:00,B1,45,15,2,2,38.5,158,5,0,0,arterial,3,comercial,0,0,0
2026-04-19 21:45:00,C1,41,13,2,2,39.5,154,4,0,0,colectora,2,mixta,0,0,0
2026-04-19 22:00:00,A1,51,17,3,3,37.3,165,6,0,0,arterial,3,comercial,0,0,0
2026-04-19 22:15:00,A2,46,15,2,3,38.2,158,5,0,0,arterial,2,residencial,0,0,0
2026-04-19 22:30:00,B1,40,13,2,2,39.7,153,4,0,0,arterial,3,comercial,0,0,0
2026-04-19 22:45:00,C1,43,14,2,2,39.0,156,4,0,0,colectora,2,mixta,0,0,0
2026-04-19 23:00:00,A1,57,19,3,3,35.4,173,7,0,0,arterial,3,comercial,0,0,1
2026-04-19 23:15:00,A2,51,17,3,3,37.3,165,6,0,0,arterial,2,residencial,0,0,0
2026-04-19 23:30:00,B1,47,15,2,3,38.0,160,5,0,0,arterial,3,comercial,0,0,0
2026-04-19 23:45:00,C1,38,12,2,2,40.4,150,4,0,0,colectora,2,mixta,0,0,0
2026-04-20 00:00:00,C1,31,10,2,1,42.5,144,3,0,0,colectora,2,mixta,0,0,0
2026-04-20 00:15:00,A1,42,14,2,2,39.1,155,4,0,0,arterial,3,comercial,0,0,0
2026-04-20 00:30:00,A2,47,15,2,3,38.0,160,5,0,0,arterial,2,residencial,0,0,0
2026-04-20 00:45:00,B1,38,12,2,2,40.4,150,4,0,0,arterial,3,comercial,0,0,0
2026-04-20 01:00:00,A1,48,16,2,3,37.9,161,5,0,0,arterial,3,comercial,0,0,0
2026-04-20 01:15:00,A2,43,14,2,2,39.0,156,4,0,0,arterial,2,residencial,0,0,0
2026-04-20 01:30:00,B1,36,12,2,2,41.2,149,4,0,0,arterial,3,comercial,0,0,0
2026-04-20 01:45:00,C1,31,10,2,1,42.5,144,3,0,0,colectora,2,mixta,0,0,0
2026-04-20 02:00:00,A1,45,15,2,2,38.5,158,5,0,0,arterial,3,comercial,0,0,0
2026-04-20 02:15:00,A2,40,13,2,2,39.7,153,4,0,0,arterial,2,residencial,0,0,0
2026-04-20 02:30:00,B1,34,11,2,2,41.8,147,3,0,0,arterial,3,comercial,0,0,0
2026-04-20 02:45:00,C1,50,17,3,3,37.6,164,5,0,0,colectora,2,mixta,0,0,0
2026-04-20 03:00:00,A1,43,14,2,2,39.0,156,4,0,0,arterial,3,comercial,0,0,0
2026-04-20 03:15:00,A2,38,12,2,2,40.4,150,4,0,0,arterial,2,residencial,0,0,0
2026-04-20 03:30:00,B1,32,11,2,2,42.1,145,3,0,0,arterial,3,comercial,0,0,0
2026-04-20 03:45:00,C1,36,12,2,2,41.2,149,4,0,0,colectora,2,mixta,0,0,0
2026-04-20 04:00:00,A1,49,16,2,2,37.8,163,5,0,0,arterial,3,comercial,0,0,0
2026-04-20 04:15:00,A2,43,14,2,2,39.0,156,4,0,0,arterial,2,residencial,0,0,0
2026-04-20 04:30:00,B1,39,13,2,2,40.1,151,4,0,0,arterial,3,comercial,0,0,0
2026-04-20 04:45:00,C1,45,15,2,2,38.5,158,5,0,0,colectora,2,mixta,0,0,0
2026-04-20 05:00:00,A1,60,20,3,3,34.8,176,7,0,0,arterial,3,comercial,0,0,1
2026-04-20 05:15:00,A2,65,22,3,4,33.7,182,8,0,0,arterial,2,residencial,0,0,1
2026-04-20 05:30:00,B1,58,19,3,3,35.2,174,7,0,0,arterial,3,comercial,0,0,1
2026-04-20 05:45:00,C1,70,23,4,4,32.4,189,9,0,0,colectora,2,mixta,0,0,1
2026-04-20 06:00:00,A1,78,26,4,4,30.7,198,10,0,0,arterial,3,comercial,0,0,1
2026-04-20 06:15:00,A2,85,28,4,5,29.1,206,12,0,0,arterial,2,residencial,0,0,1
2026-04-20 06:30:00,B1,96,32,5,5,26.8,219,14,0,0,arterial,3,comercial,0,0,2
2026-04-20 06:45:00,C1,103,34,5,6,25.3,228,16,0,0,colectora,2,mixta,0,0,2
2026-04-20 07:00:00,A1,132,44,7,7,19.2,263,24,0,0,arterial,3,comercial,1,0,2
2026-04-20 07:15:00,A2,146,49,7,8,16.5,280,29,0,0,arterial,2,residencial,1,0,2
2026-04-20 07:30:00,B1,158,53,8,9,14.1,294,33,0,0,arterial,3,comercial,1,0,2
2026-04-20 07:45:00,C1,139,46,7,8,17.8,271,26,0,0,colectora,2,mixta,1,0,2
2026-04-20 08:00:00,A1,150,50,8,8,15.7,285,30,0,0,arterial,3,comercial,1,0,2
2026-04-20 08:15:00,A2,162,54,8,9,13.5,299,35,0,0,arterial,2,residencial,1,0,2
2026-04-20 08:30:00,B1,171,57,9,10,12.0,310,39,1,0,arterial,3,comercial,1,0,2
2026-04-20 08:45:00,C1,144,48,7,8,16.8,278,28,0,0,colectora,2,mixta,1,0,2
2026-04-20 09:00:00,A1,118,39,6,7,22.0,246,20,0,0,arterial,3,comercial,0,0,2
2026-04-20 09:15:00,A2,104,35,5,6,25.1,229,16,0,0,arterial,2,residencial,0,0,2
2026-04-20 09:30:00,B1,92,31,5,5,27.7,215,13,0,0,arterial,3,comercial,0,0,1
2026-04-20 09:45:00,C1,87,29,4,5,28.6,209,12,0,0,colectora,2,mixta,0,0,1
2026-04-20 10:00:00,A1,95,32,5,5,27.0,218,14,0,0,arterial,3,comercial,0,0,2
2026-04-20 10:15:00,A2,101,34,5,6,25.8,225,16,0,0,arterial,2,residencial,0,0,2
2026-04-20 10:30:00,B1,110,37,6,6,23.9,236,18,0,0,arterial,3,comercial,0,0,2
2026-04-20 10:45:00,C1,116,39,6,6,22.7,243,20,0,0,colectora,2,mixta,0,0,2
2026-04-20 11:00:00,A1,148,49,7,8,16.2,282,29,0,0,arterial,3,comercial,1,0,2
2026-04-20 11:15:00,A2,165,55,8,9,12.9,302,36,0,0,arterial,2,residencial,1,0,2
2026-04-20 11:30:00,B1,174,58,9,10,11.2,313,40,1,0,arterial,3,comercial,1,0,2
2026-04-20 11:45:00,C1,159,53,8,9,14.0,295,34,0,0,colectora,2,mixta,1,0,2
2026-04-20 12:00:00,A1,142,47,7,8,17.3,275,27,0,0,arterial,3,comercial,1,0,2
2026-04-20 12:15:00,A2,130,43,7,7,19.6,260,23,0,0,arterial,2,residencial,1,0,2
2026-04-20 12:30:00,B1,121,40,6,7,21.4,249,21,0,0,arterial,3,comercial,1,0,2
2026-04-20 12:45:00,C1,112,37,6,6,23.5,238,19,0,0,colectora,2,mixta,1,0,2
2026-04-20 13:00:00,A1,100,33,5,6,26.0,224,15,0,0,arterial,3,comercial,0,0,2
2026-04-20 13:15:00,A2,94,31,5,5,27.2,217,14,0,0,arterial,2,residencial,0,0,1
2026-04-20 13:30:00,B1,88,29,4,5,28.5,210,12,0,0,arterial,3,comercial,0,0,1
2026-04-20 13:45:00,C1,83,28,4,5,29.6,204,11,0,0,colectora,2,mixta,0,0,1
2026-04-20 14:00:00,A1,75,25,4,4,31.4,195,10,0,0,arterial,3,comercial,0,0,1
2026-04-20 14:15:00,A2,70,23,4,4,32.4,189,9,0,0,arterial,2,residencial,0,0,1
2026-04-20 14:30:00,B1,73,24,4,4,31.8,193,9,0,0,arterial,3,comercial,0,0,1
2026-04-20 14:45:00,C1,78,26,4,4,30.8,198,10,0,0,colectora,2,mixta,0,0,1
2026-04-20 15:00:00,A1,86,29,4,5,28.9,208,12,0,0,arterial,3,comercial,0,0,1
2026-04-20 15:15:00,A2,92,31,5,5,27.6,215,13,0,0,arterial,2,residencial,0,0,1
2026-04-20 15:30:00,B1,97,32,5,5,26.6,221,14,0,0,arterial,3,comercial,0,0,2
2026-04-20 15:45:00,C1,105,35,5,6,25.0,230,16,0,0,colectora,2,mixta,0,0,2
2026-04-20 16:00:00,A1,120,40,6,7,21.6,248,20,0,0,arterial,3,comercial,0,0,2
2026-04-20 16:15:00,A2,132,44,7,7,19.3,262,24,0,0,arterial,2,residencial,0,0,2
2026-04-20 16:30:00,B1,145,48,7,8,16.7,278,28,0,0,arterial,3,comercial,0,0,2
2026-04-20 16:45:00,C1,151,50,8,8,15.5,286,30,0,0,colectora,2,mixta,0,0,2
2026-04-20 17:00:00,A1,173,58,9,10,11.4,312,40,0,0,arterial,3,comercial,1,0,2
2026-04-20 17:15:00,A2,182,61,9,10,10.0,323,44,1,0,arterial,2,residencial,1,0,2
2026-04-20 17:30:00,B1,190,63,10,11,10.0,332,48,0,0,arterial,3,comercial,1,0,2
2026-04-20 17:45:00,C1,176,59,9,10,10.8,316,42,0,0,colectora,2,mixta,1,0,2
2026-04-20 18:00:00,A1,168,56,8,9,12.4,306,37,0,0,arterial,3,comercial,1,0,2
2026-04-20 18:15:00,A2,158,53,8,9,14.1,294,33,0,0,arterial,2,residencial,1,0,2
2026-04-20 18:30:00,B1,146,49,7,8,16.5,280,29,0,0,arterial,3,comercial,1,0,2
2026-04-20 18:45:00,C1,135,45,7,8,18.7,267,25,0,0,colectora,2,mixta,1,0,2
2026-04-20 19:00:00,A1,120,40,6,7,21.6,248,20,0,0,arterial,3,comercial,0,0,2
2026-04-20 19:15:00,A2,108,36,5,6,24.4,234,18,0,0,arterial,2,residencial,0,0,2
2026-04-20 19:30:00,B1,96,32,5,5,26.8,219,14,0,0,arterial,3,comercial,0,0,2
2026-04-20 19:45:00,C1,85,28,4,5,29.1,206,12,0,0,colectora,2,mixta,0,0,1
2026-04-20 20:00:00,A1,72,24,4,4,32.0,192,9,0,0,arterial,3,comercial,0,0,1
2026-04-20 20:15:00,A2,64,21,3,3,33.9,181,8,0,0,arterial,2,residencial,0,0,1
2026-04-20 20:30:00,B1,58,19,3,3,35.2,174,7,0,0,arterial,3,comercial,0,0,1
2026-04-20 20:45:00,C1,52,17,3,3,36.9,166,6,0,0,colectora,2,mixta,0,0,0
2026-04-20 21:00:00,A1,48,16,2,3,37.9,161,5,0,0,arterial,3,comercial,0,0,0
2026-04-20 21:15:00,A2,42,14,2,2,39.1,155,4,0,0,arterial,2,residencial,0,0,0
2026-04-20 21:30:00,B1,38,12,2,2,40.4,150,4,0,0,arterial,3,comercial,0,0,0
2026-04-20 21:45:00,C1,35,11,2,2,41.4,148,3,0,0,colectora,2,mixta,0,0,0
2026-04-20 22:00:00,A1,45,15,2,2,38.5,158,5,0,0,arterial,3,comercial,0,0,0
2026-04-20 22:15:00,A2,39,13,2,2,40.1,151,4,0,0,arterial,2,residencial,0,0,0
2026-04-20 22:30:00,B1,33,11,2,2,42.0,146,3,0,0,arterial,3,comercial,0,0,0
2026-04-20 22:45:00,C1,36,12,2,2,41.2,149,4,0,0,colectora,2,mixta,0,0,0
2026-04-20 23:00:00,A1,50,17,3,3,37.6,164,5,0,0,arterial,3,comercial,0,0,0
2026-04-20 23:15:00,A2,44,14,2,2,38.7,156,4,0,0,arterial,2,residencial,0,0,0
2026-04-20 23:30:00,B1,40,13,2,2,39.7,153,4,0,0,arterial,3,comercial,0,0,0
2026-04-20 23:45:00,C1,32,11,2,2,42.1,145,3,0,0,colectora,2,mixta,0,0,0
2026-04-21 00:00:00,B1,34,11,2,2,41.8,147,3,0,0,arterial,3,comercial,0,0,0
2026-04-21 00:15:00,A1,42,14,2,2,39.1,155,4,0,0,arterial,3,comercial,0,0,0
2026-04-21 00:30:00,A2,48,16,2,3,37.9,161,5,0,0,arterial,2,residencial,0,0,0
2026-04-21 00:45:00,C1,39,13,2,2,40.1,151,4,0,0,colectora,2,mixta,0,0,0
2026-04-21 01:00:00,A1,50,17,3,3,37.6,164,5,0,0,arterial,3,comercial,0,0,0
2026-04-21 01:15:00,A2,45,15,2,2,38.5,158,5,0,0,arterial,2,residencial,0,0,0
2026-04-21 01:30:00,B1,38,12,2,2,40.4,150,4,0,0,arterial,3,comercial,0,0,0
2026-04-21 01:45:00,C1,33,11,2,2,42.0,146,3,0,0,colectora,2,mixta,0,0,0
2026-04-21 02:00:00,A1,48,16,2,3,37.9,161,5,0,0,arterial,3,comercial,0,0,0
2026-04-21 02:15:00,A2,42,14,2,2,39.1,155,4,0,0,arterial,2,residencial,0,0,0
2026-04-21 02:30:00,B1,37,12,2,2,40.9,150,4,0,0,arterial,3,comercial,0,0,0
2026-04-21 02:45:00,C1,54,18,3,3,36.5,168,6,0,0,colectora,2,mixta,0,0,0
2026-04-21 03:00:00,A1,47,15,2,3,38.0,160,5,0,0,arterial,3,comercial,0,0,0
2026-04-21 03:15:00,A2,41,13,2,2,39.5,154,4,0,0,arterial,2,residencial,0,0,0
2026-04-21 03:30:00,B1,35,11,2,2,41.4,148,3,0,0,arterial,3,comercial,0,0,0
2026-04-21 03:45:00,C1,38,12,2,2,40.4,150,4,0,0,colectora,2,mixta,0,0,0
2026-04-21 04:00:00,A1,52,17,3,3,36.9,166,6,0,0,arterial,3,comercial,0,0,0
2026-04-21 04:15:00,A2,47,15,2,3,38.0,160,5,0,0,arterial,2,residencial,0,0,0
2026-04-21 04:30:00,B1,43,14,2,2,39.0,156,4,0,0,arterial,3,comercial,0,0,0
2026-04-21 04:45:00,C1,49,16,2,2,37.8,163,5,0,0,colectora,2,mixta,0,0,0
2026-04-21 05:00:00,A1,63,21,3,3,34.1,180,8,0,0,arterial,3,comercial,0,0,1
2026-04-21 05:15:00,A2,69,23,3,4,32.5,187,9,0,0,arterial,2,residencial,0,0,1
2026-04-21 05:30:00,B1,62,21,3,3,34.4,179,8,0,0,arterial,3,comercial,0,0,1
2026-04-21 05:45:00,C1,74,25,4,4,31.6,194,10,0,0,colectora,2,mixta,0,0,1
2026-04-21 06:00:00,A1,82,27,4,5,29.9,203,11,0,0,arterial,3,comercial,0,0,1
2026-04-21 06:15:00,A2,89,30,4,5,28.3,211,13,0,0,arterial,2,residencial,0,0,1
2026-04-21 06:30:00,B1,100,33,5,6,26.0,224,15,0,0,arterial,3,comercial,0,0,2
2026-04-21 06:45:00,C1,108,36,5,6,24.4,234,18,0,0,colectora,2,mixta,0,0,2
2026-04-21 07:00:00,A1,138,46,7,8,18.1,270,26,0,0,arterial,3,comercial,1,0,2
2026-04-21 07:15:00,A2,151,50,8,8,15.5,286,30,0,0,arterial,2,residencial,1,0,2
2026-04-21 07:30:00,B1,164,55,8,9,13.1,301,36,1,0,arterial,3,comercial,1,0,2
2026-04-21 07:45:00,C1,146,49,7,8,16.5,280,29,0,0,colectora,2,mixta,1,0,2
2026-04-21 08:00:00,A1,156,52,8,9,14.5,292,33,0,0,arterial,3,comercial,1,0,2
2026-04-21 08:15:00,A2,169,56,8,9,12.1,308,38,0,0,arterial,2,residencial,1,0,2
2026-04-21 08:30:00,B1,178,59,9,10,10.3,319,43,0,0,arterial,3,comercial,1,0,2
2026-04-21 08:45:00,C1,150,50,8,8,15.7,285,30,0,0,colectora,2,mixta,1,0,2
2026-04-21 09:00:00,A1,124,41,6,7,20.8,253,22,0,0,arterial,3,comercial,0,0,2
2026-04-21 09:15:00,A2,110,37,6,6,23.9,236,18,0,0,arterial,2,residencial,0,0,2
2026-04-21 09:30:00,B1,98,33,5,5,26.4,222,15,0,0,arterial,3,comercial,0,0,2
2026-04-21 09:45:00,C1,92,31,5,5,27.6,215,13,0,0,colectora,2,mixta,0,0,1
2026-04-21 10:00:00,A1,101,34,5,6,25.8,225,16,0,0,arterial,3,comercial,0,0,2
2026-04-21 10:15:00,A2,107,36,5,6,24.6,234,18,0,0,arterial,2,residencial,0,0,2
2026-04-21 10:30:00,B1,115,38,6,6,22.9,242,19,0,0,arterial,3,comercial,0,0,2
2026-04-21 10:45:00,C1,121,40,6,7,21.4,249,21,0,0,colectora,2,mixta,0,0,2
2026-04-21 11:00:00,A1,154,51,8,9,14.9,290,32,0,0,arterial,3,comercial,1,0,2
2026-04-21 11:15:00,A2,171,57,9,10,12.0,310,39,1,0,arterial,2,residencial,1,0,2
2026-04-21 11:30:00,B1,180,60,9,10,10.1,322,44,0,0,arterial,3,comercial,1,0,2
2026-04-21 11:45:00,C1,164,55,8,9,13.1,301,36,0,0,colectora,2,mixta,1,0,2
2026-04-21 12:00:00,A1,148,49,7,8,16.2,282,29,0,0,arterial,3,comercial,1,0,2
2026-04-21 12:15:00,A2,136,45,7,8,18.5,268,26,0,0,arterial,2,residencial,1,0,2
2026-04-21 12:30:00,B1,126,42,6,7,20.1,255,23,0,0,arterial,3,comercial,1,0,2
2026-04-21 12:45:00,C1,118,39,6,7,22.3,246,20,0,0,colectora,2,mixta,1,0,2
2026-04-21 13:00:00,A1,105,35,5,6,25.0,230,16,0,0,arterial,3,comercial,0,0,2
2026-04-21 13:15:00,A2,99,33,5,5,26.2,223,15,0,0,arterial,2,residencial,0,0,2
2026-04-21 13:30:00,B1,93,31,5,5,27.4,216,14,0,0,arterial,3,comercial,0,0,1
2026-04-21 13:45:00,C1,88,29,4,5,28.5,210,12,0,0,colectora,2,mixta,0,0,1
2026-04-21 14:00:00,A1,79,26,4,4,30.6,199,10,0,0,arterial,3,comercial,0,0,1
2026-04-21 14:15:00,A2,75,25,4,4,31.4,195,10,0,0,arterial,2,residencial,0,0,1
2026-04-21 14:30:00,B1,78,26,4,4,30.8,198,10,0,0,arterial,3,comercial,0,0,1
2026-04-21 14:45:00,C1,83,28,4,5,29.6,204,11,0,0,colectora,2,mixta,0,0,1
2026-04-21 15:00:00,A1,91,30,5,5,27.9,214,13,0,0,arterial,3,comercial,0,0,1
2026-04-21 15:15:00,A2,98,33,5,5,26.4,222,15,0,0,arterial,2,residencial,0,0,2
2026-04-21 15:30:00,B1,103,34,5,6,25.3,228,16,0,0,arterial,3,comercial,0,0,2
2026-04-21 15:45:00,C1,110,37,6,6,23.9,236,18,0,0,colectora,2,mixta,0,0,2
2026-04-21 16:00:00,A1,125,42,6,7,20.4,254,22,0,0,arterial,3,comercial,0,0,2
2026-04-21 16:15:00,A2,138,46,7,8,18.1,270,26,0,0,arterial,2,residencial,0,0,2
2026-04-21 16:30:00,B1,151,50,8,8,15.5,286,30,0,0,arterial,3,comercial,0,0,2
2026-04-21 16:45:00,C1,157,52,8,9,14.3,293,33,1,0,colectora,2,mixta,0,0,2
2026-04-21 17:00:00,A1,179,60,9,10,10.1,321,44,0,0,arterial,3,comercial,1,0,2
2026-04-21 17:15:00,A2,189,63,9,11,10.0,331,48,0,0,arterial,2,residencial,1,0,2
2026-04-21 17:30:00,B1,197,66,10,11,10.0,340,51,1,0,arterial,3,comercial,1,0,2
2026-04-21 17:45:00,C1,183,61,9,10,10.0,324,45,0,0,colectora,2,mixta,1,0,2
2026-04-21 18:00:00,A1,174,58,9,10,11.2,313,40,0,0,arterial,3,comercial,1,0,2
2026-04-21 18:15:00,A2,164,55,8,9,13.1,301,36,0,0,arterial,2,residencial,1,0,2
2026-04-21 18:30:00,B1,152,51,8,8,15.3,288,31,0,0,arterial,3,comercial,1,0,2
2026-04-21 18:45:00,C1,142,47,7,8,17.3,275,27,0,0,colectora,2,mixta,1,0,2
2026-04-21 19:00:00,A1,126,42,6,7,20.1,255,23,0,0,arterial,3,comercial,0,0,2
2026-04-21 19:15:00,A2,114,38,6,6,23.1,241,19,0,0,arterial,2,residencial,0,0,2
2026-04-21 19:30:00,B1,102,34,5,6,25.5,227,16,0,0,arterial,3,comercial,0,0,2
2026-04-21 19:45:00,C1,93,31,5,5,27.4,216,14,0,0,colectora,2,mixta,0,0,1
2026-04-21 20:00:00,A1,78,26,4,4,30.8,198,10,0,0,arterial,3,comercial,0,0,1
2026-04-21 20:15:00,A2,70,23,4,4,32.4,189,9,0,0,arterial,2,residencial,0,0,1
2026-04-21 20:30:00,B1,64,21,3,3,33.9,181,8,0,0,arterial,3,comercial,0,0,1
2026-04-21 20:45:00,C1,58,19,3,3,35.2,174,7,0,0,colectora,2,mixta,0,0,1
2026-04-21 21:00:00,A1,53,18,3,3,36.7,167,6,0,0,arterial,3,comercial,0,0,0
2026-04-21 21:15:00,A2,47,15,2,3,38.0,160,5,0,0,arterial,2,residencial,0,0,0
2026-04-21 21:30:00,B1,43,14,2,2,39.0,156,4,0,0,arterial,3,comercial,0,0,0
2026-04-21 21:45:00,C1,39,13,2,2,40.1,151,4,0,0,colectora,2,mixta,0,0,0
2026-04-21 22:00:00,A1,50,17,3,3,37.6,164,5,0,0,arterial,3,comercial,0,0,0
2026-04-21 22:15:00,A2,44,14,2,2,38.7,156,4,0,0,arterial,2,residencial,0,0,0
2026-04-21 22:30:00,B1,38,12,2,2,40.4,150,4,0,0,arterial,3,comercial,0,0,0
2026-04-21 22:45:00,C1,41,13,2,2,39.5,154,4,0,0,colectora,2,mixta,0,0,0
2026-04-21 23:00:00,A1,55,18,3,3,36.0,170,6,0,0,arterial,3,comercial,0,0,1
2026-04-21 23:15:00,A2,49,16,2,2,37.8,163,5,0,0,arterial,2,residencial,0,0,0
2026-04-21 23:30:00,B1,45,15,2,2,38.5,158,5,0,0,arterial,3,comercial,0,0,0
2026-04-21 23:45:00,C1,36,12,2,2,41.2,149,4,0,0,colectora,2,mixta,0,0,0
2026-04-22 00:00:00,A1,32,11,2,2,42.1,145,3,0,0,arterial,3,comercial,0,0,0
2026-04-22 00:15:00,A2,38,12,2,2,40.4,150,4,0,0,arterial,2,residencial,0,0,0
2026-04-22 00:30:00,B1,45,15,2,2,38.5,158,5,0,0,arterial,3,comercial,0,0,0
2026-04-22 00:45:00,C1,36,12,2,2,41.2,149,4,0,0,colectora,2,mixta,0,0,0
2026-04-22 01:00:00,A1,47,15,2,3,38.0,160,5,0,0,arterial,3,comercial,0,0,0
2026-04-22 01:15:00,A2,42,14,2,2,39.1,155,4,0,0,arterial,2,residencial,0,0,0
2026-04-22 01:30:00,B1,35,11,2,2,41.4,148,3,0,0,arterial,3,comercial,0,0,0
2026-04-22 01:45:00,C1,31,10,2,1,42.5,144,3,0,0,colectora,2,mixta,0,0,0
2026-04-22 02:00:00,A1,44,14,2,2,38.7,156,4,0,0,arterial,3,comercial,0,0,0
2026-04-22 02:15:00,A2,39,13,2,2,40.1,151,4,0,0,arterial,2,residencial,0,0,0
2026-04-22 02:30:00,B1,33,11,2,2,42.0,146,3,0,0,arterial,3,comercial,0,0,0
2026-04-22 02:45:00,C1,51,17,3,3,37.3,165,6,0,0,colectora,2,mixta,0,0,0
2026-04-22 03:00:00,A1,43,14,2,2,39.0,156,4,0,0,arterial,3,comercial,0,0,0
2026-04-22 03:15:00,A2,37,12,2,2,40.9,150,4,0,0,arterial,2,residencial,0,0,0
2026-04-22 03:30:00,B1,31,10,2,1,42.5,144,3,0,0,arterial,3,comercial,0,0,0
2026-04-22 03:45:00,C1,35,11,2,2,41.4,148,3,0,0,colectora,2,mixta,0,0,0
2026-04-22 04:00:00,A1,49,16,2,2,37.8,163,5,0,0,arterial,3,comercial,0,0,0
2026-04-22 04:15:00,A2,43,14,2,2,39.0,156,4,0,0,arterial,2,residencial,0,0,0
2026-04-22 04:30:00,B1,39,13,2,2,40.1,151,4,0,0,arterial,3,comercial,0,0,0
2026-04-22 04:45:00,C1,45,15,2,2,38.5,158,5,0,0,colectora,2,mixta,0,0,0
2026-04-22 05:00:00,A1,60,20,3,3,34.8,176,7,0,0,arterial,3,comercial,0,0,1
2026-04-22 05:15:00,A2,65,22,3,4,33.7,182,8,0,0,arterial,2,residencial,0,0,1
2026-04-22 05:30:00,B1,58,19,3,3,35.2,174,7,0,0,arterial,3,comercial,0,0,1
2026-04-22 05:45:00,C1,70,23,4,4,32.4,189,9,0,0,colectora,2,mixta,0,0,1
2026-04-22 06:00:00,A1,78,26,4,4,30.7,198,10,0,0,arterial,3,comercial,0,0,1
2026-04-22 06:15:00,A2,85,28,4,5,29.1,206,12,0,0,arterial,2,residencial,0,0,1
2026-04-22 06:30:00,B1,96,32,5,5,26.8,219,14,0,0,arterial,3,comercial,0,0,2
2026-04-22 06:45:00,C1,103,34,5,6,25.3,228,16,0,0,colectora,2,mixta,0,0,2
2026-04-22 07:00:00,A1,132,44,7,7,19.2,263,24,0,0,arterial,3,comercial,1,0,2
2026-04-22 07:15:00,A2,146,49,7,8,16.5,280,29,0,0,arterial,2,residencial,1,0,2
2026-04-22 07:30:00,B1,158,53,8,9,14.1,294,33,0,0,arterial,3,comercial,1,0,2
2026-04-22 07:45:00,C1,139,46,7,8,17.8,271,26,0,0,colectora,2,mixta,1,0,2
2026-04-22 08:00:00,A1,150,50,8,8,15.7,285,30,1,0,arterial,3,comercial,1,0,2
2026-04-22 08:15:00,A2,162,54,8,9,13.5,299,35,0,0,arterial,2,residencial,1,0,2
2026-04-22 08:30:00,B1,171,57,9,10,12.0,310,39,0,0,arterial,3,comercial,1,0,2
2026-04-22 08:45:00,C1,144,48,7,8,16.8,278,28,0,0,colectora,2,mixta,1,0,2
2026-04-22 09:00:00,A1,118,39,6,7,22.0,246,20,0,0,arterial,3,comercial,0,0,2
2026-04-22 09:15:00,A2,104,35,5,6,25.1,229,16,0,0,arterial,2,residencial,0,0,2
2026-04-22 09:30:00,B1,92,31,5,5,27.7,215,13,0,0,arterial,3,comercial,0,0,1
2026-04-22 09:45:00,C1,87,29,4,5,28.6,209,12,0,0,colectora,2,mixta,0,0,1
2026-04-22 10:00:00,A1,95,32,5,5,27.0,218,14,0,0,arterial,3,comercial,0,0,2
2026-04-22 10:15:00,A2,101,34,5,6,25.8,225,16,0,0,arterial,2,residencial,0,0,2
2026-04-22 10:30:00,B1,110,37,6,6,23.9,236,18,0,0,arterial,3,comercial,0,0,2
2026-04-22 10:45:00,C1,116,39,6,6,22.7,243,20,0,0,colectora,2,mixta,0,0,2
2026-04-22 11:00:00,A1,148,49,7,8,16.2,282,29,0,0,arterial,3,comercial,1,0,2
2026-04-22 11:15:00,A2,165,55,8,9,12.9,302,36,0,0,arterial,2,residencial,1,0,2
2026-04-22 11:30:00,B1,174,58,9,10,11.2,313,40,1,0,arterial,3,comercial,1,0,2
2026-04-22 11:45:00,C1,159,53,8,9,14.0,295,34,0,0,colectora,2,mixta,1,0,2
2026-04-22 12:00:00,A1,142,47,7,8,17.3,275,27,0,0,arterial,3,comercial,1,0,2
2026-04-22 12:15:00,A2,130,43,7,7,19.6,260,23,0,0,arterial,2,residencial,1,0,2
2026-04-22 12:30:00,B1,121,40,6,7,21.4,249,21,0,0,arterial,3,comercial,1,0,2
2026-04-22 12:45:00,C1,112,37,6,6,23.5,238,19,0,0,colectora,2,mixta,1,0,2
2026-04-22 13:00:00,A1,100,33,5,6,26.0,224,15,0,0,arterial,3,comercial,0,0,2
2026-04-22 13:15:00,A2,94,31,5,5,27.2,217,14,0,0,arterial,2,residencial,0,0,1
2026-04-22 13:30:00,B1,88,29,4,5,28.5,210,12,0,0,arterial,3,comercial,0,0,1
2026-04-22 13:45:00,C1,83,28,4,5,29.6,204,11,0,0,colectora,2,mixta,0,0,1
2026-04-22 14:00:00,A1,75,25,4,4,31.4,195,10,0,0,arterial,3,comercial,0,0,1
2026-04-22 14:15:00,A2,70,23,4,4,32.4,189,9,0,0,arterial,2,residencial,0,0,1
2026-04-22 14:30:00,B1,73,24,4,4,31.8,193,9,0,0,arterial,3,comercial,0,0,1
2026-04-22 14:45:00,C1,78,26,4,4,30.8,198,10,0,0,colectora,2,mixta,0,0,1
2026-04-22 15:00:00,A1,86,29,4,5,28.9,208,12,0,0,arterial,3,comercial,0,0,1
2026-04-22 15:15:00,A2,92,31,5,5,27.6,215,13,0,0,arterial,2,residencial,0,0,1
2026-04-22 15:30:00,B1,97,32,5,5,26.6,221,14,0,0,arterial,3,comercial,0,0,2
2026-04-22 15:45:00,C1,105,35,5,6,25.0,230,16,0,0,colectora,2,mixta,0,0,2
2026-04-22 16:00:00,A1,120,40,6,7,21.6,248,20,0,0,arterial,3,comercial,0,0,2
2026-04-22 16:15:00,A2,132,44,7,7,19.3,262,24,0,0,arterial,2,residencial,0,0,2
2026-04-22 16:30:00,B1,145,48,7,8,16.7,278,28,0,0,arterial,3,comercial,0,0,2
2026-04-22 16:45:00,C1,151,50,8,8,15.5,286,30,1,0,colectora,2,mixta,0,0,2
2026-04-22 17:00:00,A1,173,58,9,10,11.4,312,40,0,0,arterial,3,comercial,1,0,2
2026-04-22 17:15:00,A2,182,61,9,10,10.0,323,44,0,0,arterial,2,residencial,1,0,2
2026-04-22 17:30:00,B1,190,63,10,11,10.0,332,48,0,0,arterial,3,comercial,1,0,2
2026-04-22 17:45:00,C1,176,59,9,10,10.8,316,42,0,0,colectora,2,mixta,1,0,2
2026-04-22 18:00:00,A1,168,56,8,9,12.4,306,37,0,0,arterial,3,comercial,1,0,2
2026-04-22 18:15:00,A2,158,53,8,9,14.1,294,33,0,0,arterial,2,residencial,1,0,2
2026-04-22 18:30:00,B1,146,49,7,8,16.5,280,29,0,0,arterial,3,comercial,1,0,2
2026-04-22 18:45:00,C1,135,45,7,8,18.7,267,25,0,0,colectora,2,mixta,1,0,2
2026-04-22 19:00:00,A1,120,40,6,7,21.6,248,20,0,0,arterial,3,comercial,0,0,2
2026-04-22 19:15:00,A2,108,36,5,6,24.4,234,18,0,0,arterial,2,residencial,0,0,2
2026-04-22 19:30:00,B1,96,32,5,5,26.8,219,14,0,0,arterial,3,comercial,0,0,2
2026-04-22 19:45:00,C1,85,28,4,5,29.1,206,12,0,0,colectora,2,mixta,0,0,1
2026-04-22 20:00:00,A1,72,24,4,4,32.0,192,9,0,0,arterial,3,comercial,0,0,1
2026-04-22 20:15:00,A2,64,21,3,3,33.9,181,8,0,0,arterial,2,residencial,0,0,1
2026-04-22 20:30:00,B1,58,19,3,3,35.2,174,7,0,0,arterial,3,comercial,0,0,1
2026-04-22 20:45:00,C1,52,17,3,3,36.9,166,6,0,0,colectora,2,mixta,0,0,0
2026-04-22 21:00:00,A1,48,16,2,3,37.9,161,5,0,0,arterial,3,comercial,0,0,0
2026-04-22 21:15:00,A2,42,14,2,2,39.1,155,4,0,0,arterial,2,residencial,0,0,0
2026-04-22 21:30:00,B1,38,12,2,2,40.4,150,4,0,0,arterial,3,comercial,0,0,0
2026-04-22 21:45:00,C1,35,11,2,2,41.4,148,3,0,0,colectora,2,mixta,0,0,0
2026-04-22 22:00:00,A1,45,15,2,2,38.5,158,5,0,0,arterial,3,comercial,0,0,0
2026-04-22 22:15:00,A2,39,13,2,2,40.1,151,4,0,0,arterial,2,residencial,0,0,0
2026-04-22 22:30:00,B1,33,11,2,2,42.0,146,3,0,0,arterial,3,comercial,0,0,0
2026-04-22 22:45:00,C1,36,12,2,2,41.2,149,4,0,0,colectora,2,mixta,0,0,0
2026-04-22 23:00:00,A1,50,17,3,3,37.6,164,5,0,0,arterial,3,comercial,0,0,0
2026-04-22 23:15:00,A2,44,14,2,2,38.7,156,4,0,0,arterial,2,residencial,0,0,0
2026-04-22 23:30:00,B1,40,13,2,2,39.7,153,4,0,0,arterial,3,comercial,0,0,0
2026-04-22 23:45:00,C1,32,11,2,2,42.1,145,3,0,0,colectora,2,mixta,0,0,0
2026-04-23 00:00:00,B1,36,12,2,2,41.2,149,4,0,0,arterial,3,comercial,0,0,0
2026-04-23 00:15:00,A1,43,14,2,2,39.0,156,4,0,0,arterial,3,comercial,0,0,0
2026-04-23 00:30:00,A2,50,17,3,3,37.6,164,5,0,0,arterial,2,residencial,0,0,0
2026-04-23 00:45:00,C1,41,13,2,2,39.5,154,4,0,0,colectora,2,mixta,0,0,0
2026-04-23 01:00:00,A1,52,17,3,3,36.9,166,6,0,0,arterial,3,comercial,0,0,0
2026-04-23 01:15:00,A2,47,15,2,3,38.0,160,5,0,0,arterial,2,residencial,0,0,0
2026-04-23 01:30:00,B1,40,13,2,2,39.7,153,4,0,0,arterial,3,comercial,0,0,0
2026-04-23 01:45:00,C1,35,11,2,2,41.4,148,3,0,0,colectora,2,mixta,0,0,0
2026-04-23 02:00:00,A1,49,16,2,2,37.8,163,5,0,0,arterial,3,comercial,0,0,0
2026-04-23 02:15:00,A2,44,14,2,2,38.7,156,4,0,0,arterial,2,residencial,0,0,0
2026-04-23 02:30:00,B1,39,13,2,2,40.1,151,4,0,0,arterial,3,comercial,0,0,0
2026-04-23 02:45:00,C1,56,19,3,3,35.6,172,7,0,0,colectora,2,mixta,0,0,1
2026-04-23 03:00:00,A1,48,16,2,3,37.9,161,5,0,0,arterial,3,comercial,0,0,0
2026-04-23 03:15:00,A2,43,14,2,2,39.0,156,4,0,0,arterial,2,residencial,0,0,0
2026-04-23 03:30:00,B1,37,12,2,2,40.9,150,4,0,0,arterial,3,comercial,0,0,0
2026-04-23 03:45:00,C1,40,13,2,2,39.7,153,4,0,0,colectora,2,mixta,0,0,0
2026-04-23 04:00:00,A1,54,18,3,3,36.5,168,6,0,0,arterial,3,comercial,0,0,0
2026-04-23 04:15:00,A2,48,16,2,3,37.9,161,5,0,0,arterial,2,residencial,0,0,0
2026-04-23 04:30:00,B1,44,14,2,2,38.7,156,4,0,0,arterial,3,comercial,0,0,0
2026-04-23 04:45:00,C1,50,17,3,3,37.6,164,5,0,0,colectora,2,mixta,0,0,0
2026-04-23 05:00:00,A1,65,22,3,4,33.7,182,8,0,0,arterial,3,comercial,0,0,1
2026-04-23 05:15:00,A2,71,24,4,4,32.2,190,9,0,0,arterial,2,residencial,0,0,1
2026-04-23 05:30:00,B1,63,21,3,3,34.1,180,8,0,0,arterial,3,comercial,0,0,1
2026-04-23 05:45:00,C1,76,25,4,4,31.2,196,10,0,0,colectora,2,mixta,0,0,1
2026-04-23 06:00:00,A1,84,28,4,5,29.3,205,11,0,0,arterial,3,comercial,0,0,1
2026-04-23 06:15:00,A2,92,31,5,5,27.6,215,13,0,0,arterial,2,residencial,0,0,1
2026-04-23 06:30:00,B1,103,34,5,6,25.3,228,16,0,0,arterial,3,comercial,0,0,2
2026-04-23 06:45:00,C1,111,37,6,6,23.7,237,18,0,0,colectora,2,mixta,0,0,2
2026-04-23 07:00:00,A1,140,47,7,8,17.6,272,27,0,0,arterial,3,comercial,1,0,2
2026-04-23 07:15:00,A2,154,51,8,9,14.9,290,32,0,0,arterial,2,residencial,1,0,2
2026-04-23 07:30:00,B1,167,56,8,9,12.5,307,38,0,0,arterial,3,comercial,1,0,2
2026-04-23 07:45:00,C1,148,49,7,8,16.2,282,29,0,0,colectora,2,mixta,1,0,2
2026-04-23 08:00:00,A1,158,53,8,9,14.1,294,33,0,0,arterial,3,comercial,1,0,2
2026-04-23 08:15:00,A2,171,57,9,10,12.0,310,39,0,0,arterial,2,residencial,1,0,2
2026-04-23 08:30:00,B1,180,60,9,10,10.1,322,44,1,0,arterial,3,comercial,1,0,2
2026-04-23 08:45:00,C1,152,51,8,8,15.3,288,31,0,0,colectora,2,mixta,1,0,2
2026-04-23 09:00:00,A1,125,42,6,7,20.4,254,22,0,0,arterial,3,comercial,0,0,2
2026-04-23 09:15:00,A2,112,37,6,6,23.5,238,19,0,0,arterial,2,residencial,0,0,2
2026-04-23 09:30:00,B1,100,33,5,6,26.0,224,15,0,0,arterial,3,comercial,0,0,2
2026-04-23 09:45:00,C1,94,31,5,5,27.2,217,14,0,0,colectora,2,mixta,0,0,1
2026-04-23 10:00:00,A1,103,34,5,6,25.3,228,16,0,0,arterial,3,comercial,0,0,2
2026-04-23 10:15:00,A2,109,36,5,6,24.2,235,18,0,0,arterial,2,residencial,0,0,2
2026-04-23 10:30:00,B1,117,39,6,7,22.5,244,20,0,0,arterial,3,comercial,0,0,2
2026-04-23 10:45:00,C1,124,41,6,7,20.8,253,22,0,0,colectora,2,mixta,0,0,2
2026-04-23 11:00:00,A1,157,52,8,9,14.3,293,33,0,0,arterial,3,comercial,1,0,2
2026-04-23 11:15:00,A2,174,58,9,10,11.2,313,40,1,0,arterial,2,residencial,1,0,2
2026-04-23 11:30:00,B1,183,61,9,10,10.0,324,45,0,0,arterial,3,comercial,1,0,2
2026-04-23 11:45:00,C1,167,56,8,9,12.5,307,38,0,0,colectora,2,mixta,1,0,2
2026-04-23 12:00:00,A1,151,50,8,8,15.5,286,30,0,0,arterial,3,comercial,1,0,2
2026-04-23 12:15:00,A2,139,46,7,8,17.8,271,26,0,0,arterial,2,residencial,1,0,2
2026-04-23 12:30:00,B1,129,43,6,7,19.8,259,23,0,0,arterial,3,comercial,1,0,2
2026-04-23 12:45:00,C1,121,40,6,7,21.4,249,21,0,0,colectora,2,mixta,1,0,2
2026-04-23 13:00:00,A1,108,36,5,6,24.4,234,18,0,0,arterial,3,comercial,0,0,2
2026-04-23 13:15:00,A2,101,34,5,6,25.8,225,16,0,0,arterial,2,residencial,0,0,2
2026-04-23 13:30:00,B1,96,32,5,5,26.8,219,14,0,0,arterial,3,comercial,0,0,2
2026-04-23 13:45:00,C1,90,30,5,5,28.1,212,13,0,0,colectora,2,mixta,0,0,1
2026-04-23 14:00:00,A1,81,27,4,5,30.2,201,11,0,0,arterial,3,comercial,0,0,1
2026-04-23 14:15:00,A2,76,25,4,4,31.2,196,10,0,0,arterial,2,residencial,0,0,1
2026-04-23 14:30:00,B1,80,27,4,4,30.3,200,11,0,0,arterial,3,comercial,0,0,1
2026-04-23 14:45:00,C1,84,28,4,5,29.4,205,11,0,0,colectora,2,mixta,0,0,1
2026-04-23 15:00:00,A1,93,31,5,5,27.4,216,14,0,0,arterial,3,comercial,0,0,1
2026-04-23 15:15:00,A2,100,33,5,6,26.0,224,15,0,0,arterial,2,residencial,0,0,2
2026-04-23 15:30:00,B1,105,35,5,6,25.0,230,16,0,0,arterial,3,comercial,0,0,2
2026-04-23 15:45:00,C1,113,38,6,6,23.3,240,19,0,0,colectora,2,mixta,0,0,2
2026-04-23 16:00:00,A1,128,43,6,7,20.0,258,23,0,0,arterial,3,comercial,0,0,2
2026-04-23 16:15:00,A2,141,47,7,8,17.4,274,27,0,0,arterial,2,residencial,0,0,2
2026-04-23 16:30:00,B1,154,51,8,9,14.9,290,32,1,0,arterial,3,comercial,0,0,2
2026-04-23 16:45:00,C1,160,53,8,9,13.7,297,35,0,0,colectora,2,mixta,0,0,2
2026-04-23 17:00:00,A1,182,61,9,10,10.0,323,44,0,0,arterial,3,comercial,1,0,2
2026-04-23 17:15:00,A2,192,64,10,11,10.0,334,49,0,0,arterial,2,residencial,1,0,2
2026-04-23 17:30:00,B1,200,67,10,11,10.0,344,53,0,0,arterial,3,comercial,1,0,2
2026-04-23 17:45:00,C1,186,62,9,10,10.0,328,46,0,0,colectora,2,mixta,1,0,2
2026-04-23 18:00:00,A1,178,59,9,10,10.3,319,43,0,0,arterial,3,comercial,1,0,2
2026-04-23 18:15:00,A2,167,56,8,9,12.5,307,38,0,0,arterial,2,residencial,1,0,2
2026-04-23 18:30:00,B1,156,52,8,9,14.5,292,33,0,0,arterial,3,comercial,1,0,2
2026-04-23 18:45:00,C1,145,48,7,8,16.7,278,28,0,0,colectora,2,mixta,1,0,2
2026-04-23 19:00:00,A1,128,43,6,7,20.0,258,23,0,0,arterial,3,comercial,0,0,2
2026-04-23 19:15:00,A2,116,39,6,6,22.7,243,20,0,0,arterial,2,residencial,0,0,2
2026-04-23 19:30:00,B1,105,35,5,6,25.0,230,16,0,0,arterial,3,comercial,0,0,2
2026-04-23 19:45:00,C1,95,32,5,5,27.0,218,14,0,0,colectora,2,mixta,0,0,2
2026-04-23 20:00:00,A1,80,27,4,4,30.3,200,11,0,0,arterial,3,comercial,0,0,1
2026-04-23 20:15:00,A2,72,24,4,4,32.0,192,9,0,0,arterial,2,residencial,0,0,1
2026-04-23 20:30:00,B1,66,22,3,4,33.3,184,8,0,0,arterial,3,comercial,0,0,1
2026-04-23 20:45:00,C1,61,20,3,3,34.6,178,8,0,0,colectora,2,mixta,0,0,1
2026-04-23 21:00:00,A1,56,19,3,3,35.6,172,7,0,0,arterial,3,comercial,0,0,1
2026-04-23 21:15:00,A2,50,17,3,3,37.6,164,5,0,0,arterial,2,residencial,0,0,0
2026-04-23 21:30:00,B1,46,15,2,3,38.2,158,5,0,0,arterial,3,comercial,0,0,0
2026-04-23 21:45:00,C1,42,14,2,2,39.1,155,4,0,0,colectora,2,mixta,0,0,0
2026-04-23 22:00:00,A1,52,17,3,3,36.9,166,6,0,0,arterial,3,comercial,0,0,0
2026-04-23 22:15:00,A2,47,15,2,3,38.0,160,5,0,0,arterial,2,residencial,0,0,0
2026-04-23 22:30:00,B1,41,13,2,2,39.5,154,4,0,0,arterial,3,comercial,0,0,0
2026-04-23 22:45:00,C1,44,14,2,2,38.7,156,4,0,0,colectora,2,mixta,0,0,0
2026-04-23 23:00:00,A1,58,19,3,3,35.2,174,7,0,0,arterial,3,comercial,0,0,1
2026-04-23 23:15:00,A2,52,17,3,3,36.9,166,6,0,0,arterial,2,residencial,0,0,0
2026-04-23 23:30:00,B1,48,16,2,3,37.9,161,5,0,0,arterial,3,comercial,0,0,0
2026-04-23 23:45:00,C1,39,13,2,2,40.1,151,4,0,0,colectora,2,mixta,0,0,0
2026-04-24 00:00:00,C1,34,11,2,2,41.8,147,3,0,0,colectora,2,mixta,0,0,0
2026-04-24 00:15:00,A1,41,13,2,2,39.5,154,4,0,0,arterial,3,comercial,0,0,0
2026-04-24 00:30:00,A2,46,15,2,3,38.2,158,5,0,0,arterial,2,residencial,0,0,0
2026-04-24 00:45:00,B1,37,12,2,2,40.9,150,4,0,0,arterial,3,comercial,0,0,0
2026-04-24 01:00:00,A1,48,16,2,3,37.9,161,5,0,0,arterial,3,comercial,0,0,0
2026-04-24 01:15:00,A2,42,14,2,2,39.1,155,4,0,0,arterial,2,residencial,0,0,0
2026-04-24 01:30:00,B1,36,12,2,2,41.2,149,4,0,0,arterial,3,comercial,0,0,0
2026-04-24 01:45:00,C1,31,10,2,1,42.5,144,3,0,0,colectora,2,mixta,0,0,0
2026-04-24 02:00:00,A1,46,15,2,3,38.2,158,5,0,0,arterial,3,comercial,0,0,0
2026-04-24 02:15:00,A2,40,13,2,2,39.7,153,4,0,0,arterial,2,residencial,0,0,0
2026-04-24 02:30:00,B1,35,11,2,2,41.4,148,3,0,0,arterial,3,comercial,0,0,0
2026-04-24 02:45:00,C1,52,17,3,3,36.9,166,6,0,0,colectora,2,mixta,0,0,0
2026-04-24 03:00:00,A1,44,14,2,2,38.7,156,4,0,0,arterial,3,comercial,0,0,0
2026-04-24 03:15:00,A2,39,13,2,2,40.1,151,4,0,0,arterial,2,residencial,0,0,0
2026-04-24 03:30:00,B1,33,11,2,2,42.0,146,3,0,0,arterial,3,comercial,0,0,0
2026-04-24 03:45:00,C1,37,12,2,2,40.9,150,4,0,0,colectora,2,mixta,0,0,0
2026-04-24 04:00:00,A1,50,17,3,3,37.6,164,5,0,0,arterial,3,comercial,0,0,0
2026-04-24 04:15:00,A2,45,15,2,2,38.5,158,5,0,0,arterial,2,residencial,0,0,0
2026-04-24 04:30:00,B1,41,13,2,2,39.5,154,4,0,0,arterial,3,comercial,0,0,0
2026-04-24 04:45:00,C1,47,15,2,3,38.0,160,5,0,0,colectora,2,mixta,0,0,0
2026-04-24 05:00:00,A1,62,21,3,3,34.4,179,8,0,0,arterial,3,comercial,0,0,1
2026-04-24 05:15:00,A2,68,23,3,4,32.7,186,9,0,0,arterial,2,residencial,0,0,1
2026-04-24 05:30:00,B1,59,20,3,3,35.0,175,7,0,0,arterial,3,comercial,0,0,1
2026-04-24 05:45:00,C1,72,24,4,4,32.0,192,9,0,0,colectora,2,mixta,0,0,1
2026-04-24 06:00:00,A1,80,27,4,4,30.3,200,11,0,0,arterial,3,comercial,0,0,1
2026-04-24 06:15:00,A2,88,29,4,5,28.5,210,12,0,0,arterial,2,residencial,0,0,1
2026-04-24 06:30:00,B1,98,33,5,5,26.4,222,15,0,0,arterial,3,comercial,0,0,2
2026-04-24 06:45:00,C1,106,35,5,6,24.6,232,17,0,0,colectora,2,mixta,0,0,2
2026-04-24 07:00:00,A1,136,45,7,8,18.5,268,26,0,0,arterial,3,comercial,1,0,2
2026-04-24 07:15:00,A2,149,50,7,8,16.0,284,30,1,0,arterial,2,residencial,1,0,2
2026-04-24 07:30:00,B1,161,54,8,9,13.8,298,35,0,0,arterial,3,comercial,1,0,2
2026-04-24 07:45:00,C1,143,48,7,8,17.0,276,28,0,0,colectora,2,mixta,1,0,2
2026-04-24 08:00:00,A1,153,51,8,8,15.1,289,32,0,0,arterial,3,comercial,1,0,2
2026-04-24 08:15:00,A2,166,55,8,9,12.7,305,37,0,0,arterial,2,residencial,1,0,2
2026-04-24 08:30:00,B1,175,58,9,10,10.9,316,42,0,0,arterial,3,comercial,1,0,2
2026-04-24 08:45:00,C1,147,49,7,8,16.3,282,30,0,0,colectora,2,mixta,1,0,2
2026-04-24 09:00:00,A1,121,40,6,7,21.3,249,21,0,0,arterial,3,comercial,0,0,2
2026-04-24 09:15:00,A2,107,36,5,6,24.6,234,18,0,0,arterial,2,residencial,0,0,2
2026-04-24 09:30:00,B1,96,32,5,5,26.8,219,14,0,0,arterial,3,comercial,0,0,2
2026-04-24 09:45:00,C1,90,30,5,5,28.1,212,13,0,0,colectora,2,mixta,0,0,1
2026-04-24 10:00:00,A1,99,33,5,5,26.2,223,15,0,0,arterial,3,comercial,0,0,2
2026-04-24 10:15:00,A2,104,35,5,6,25.1,229,16,0,0,arterial,2,residencial,0,0,2
2026-04-24 10:30:00,B1,112,37,6,6,23.5,238,19,0,0,arterial,3,comercial,0,0,2
2026-04-24 10:45:00,C1,119,40,6,7,22.1,247,20,0,0,colectora,2,mixta,0,0,2
2026-04-24 11:00:00,A1,152,51,8,8,15.3,288,31,0,0,arterial,3,comercial,1,0,2
2026-04-24 11:15:00,A2,169,56,8,9,12.1,308,38,0,0,arterial,2,residencial,1,0,2
2026-04-24 11:30:00,B1,178,59,9,10,10.3,319,43,1,0,arterial,3,comercial,1,0,2
2026-04-24 11:45:00,C1,162,54,8,9,13.5,299,35,0,0,colectora,2,mixta,1,0,2
2026-04-24 12:00:00,A1,145,48,7,8,16.7,278,28,0,0,arterial,3,comercial,1,0,2
2026-04-24 12:15:00,A2,134,45,7,8,18.9,265,25,0,0,arterial,2,residencial,1,0,2
2026-04-24 12:30:00,B1,123,41,6,7,21.0,252,22,0,0,arterial,3,comercial,1,0,2
2026-04-24 12:45:00,C1,116,39,6,6,22.7,243,20,0,0,colectora,2,mixta,1,0,2
2026-04-24 13:00:00,A1,103,34,5,6,25.3,228,16,0,0,arterial,3,comercial,0,0,2
2026-04-24 13:15:00,A2,96,32,5,5,26.8,219,14,0,0,arterial,2,residencial,0,0,2
2026-04-24 13:30:00,B1,91,30,5,5,27.9,214,13,0,0,arterial,3,comercial,0,0,1
2026-04-24 13:45:00,C1,86,29,4,5,28.9,208,12,0,0,colectora,2,mixta,0,0,1
2026-04-24 14:00:00,A1,77,26,4,4,31.0,197,10,0,0,arterial,3,comercial,0,0,1
2026-04-24 14:15:00,A2,73,24,4,4,31.8,193,9,0,0,arterial,2,residencial,0,0,1
2026-04-24 14:30:00,B1,76,25,4,4,31.2,196,10,0,0,arterial,3,comercial,0,0,1
2026-04-24 14:45:00,C1,81,27,4,5,30.2,201,11,0,0,colectora,2,mixta,0,0,1
2026-04-24 15:00:00,A1,89,30,4,5,28.3,211,13,0,0,arterial,3,comercial,0,0,1
2026-04-24 15:15:00,A2,95,32,5,5,27.0,218,14,0,0,arterial,2,residencial,0,0,2
2026-04-24 15:30:00,B1,101,34,5,6,25.8,225,16,0,0,arterial,3,comercial,0,0,2
2026-04-24 15:45:00,C1,108,36,5,6,24.4,234,18,0,0,colectora,2,mixta,0,0,2
2026-04-24 16:00:00,A1,122,41,6,7,21.2,250,21,0,0,arterial,3,comercial,0,0,2
2026-04-24 16:15:00,A2,135,45,7,8,18.7,266,25,0,0,arterial,2,residencial,0,0,2
2026-04-24 16:30:00,B1,149,50,7,8,16.0,284,30,0,0,arterial,3,comercial,0,0,2
2026-04-24 16:45:00,C1,154,51,8,9,14.9,290,32,0,0,colectora,2,mixta,0,0,2
2026-04-24 17:00:00,A1,176,59,9,10,10.8,316,42,0,0,arterial,3,comercial,1,0,2
2026-04-24 17:15:00,A2,186,62,9,10,10.0,328,46,0,0,arterial,2,residencial,1,0,2
2026-04-24 17:30:00,B1,194,65,10,11,10.0,337,50,1,0,arterial,3,comercial,1,0,2
2026-04-24 17:45:00,C1,180,60,9,10,10.1,320,44,0,0,colectora,2,mixta,1,0,2
2026-04-24 18:00:00,A1,171,57,9,10,12.0,310,39,0,0,arterial,3,comercial,1,0,2
2026-04-24 18:15:00,A2,161,54,8,9,13.8,298,35,0,0,arterial,2,residencial,1,0,2
2026-04-24 18:30:00,B1,149,50,7,8,16.0,284,30,0,0,arterial,3,comercial,1,0,2
2026-04-24 18:45:00,C1,139,46,7,8,17.8,271,26,0,0,colectora,2,mixta,1,0,2
2026-04-24 19:00:00,A1,123,41,6,7,21.0,252,22,0,0,arterial,3,comercial,0,0,2
2026-04-24 19:15:00,A2,111,37,6,6,23.7,237,18,0,0,arterial,2,residencial,0,0,2
2026-04-24 19:30:00,B1,100,33,5,6,26.0,224,15,0,0,arterial,3,comercial,0,0,2
2026-04-24 19:45:00,C1,89,30,4,5,28.3,211,13,0,0,colectora,2,mixta,0,0,1
2026-04-24 20:00:00,A1,74,25,4,4,31.6,194,10,0,0,arterial,3,comercial,0,0,1
2026-04-24 20:15:00,A2,67,22,3,4,32.9,185,8,0,0,arterial,2,residencial,0,0,1
2026-04-24 20:30:00,B1,61,20,3,3,34.6,178,8,0,0,arterial,3,comercial,0,0,1
2026-04-24 20:45:00,C1,56,19,3,3,35.6,172,7,0,0,colectora,2,mixta,0,0,1
2026-04-24 21:00:00,A1,51,17,3,3,37.3,165,6,0,0,arterial,3,comercial,0,0,0
2026-04-24 21:15:00,A2,45,15,2,2,38.5,158,5,0,0,arterial,2,residencial,0,0,0
2026-04-24 21:30:00,B1,41,13,2,2,39.5,154,4,0,0,arterial,3,comercial,0,0,0
2026-04-24 21:45:00,C1,38,12,2,2,40.4,150,4,0,0,colectora,2,mixta,0,0,0
2026-04-24 22:00:00,A1,47,15,2,3,38.0,160,5,0,0,arterial,3,comercial,0,0,0
2026-04-24 22:15:00,A2,42,14,2,2,39.1,155,4,0,0,arterial,2,residencial,0,0,0
2026-04-24 22:30:00,B1,36,12,2,2,41.2,149,4,0,0,arterial,3,comercial,0,0,0
2026-04-24 22:45:00,C1,39,13,2,2,40.1,151,4,0,0,colectora,2,mixta,0,0,0
2026-04-24 23:00:00,A1,53,18,3,3,36.7,167,6,0,0,arterial,3,comercial,0,0,0
2026-04-24 23:15:00,A2,47,15,2,3,38.0,160,5,0,0,arterial,2,residencial,0,0,0
2026-04-24 23:30:00,B1,43,14,2,2,39.0,156,4,0,0,arterial,3,comercial,0,0,0
2026-04-24 23:45:00,C1,34,11,2,2,41.8,147,3,0,0,colectora,2,mixta,0,0,0
2026-04-25 00:00:00,B1,36,12,2,2,41.2,149,4,0,0,arterial,3,comercial,0,0,0
2026-04-25 00:15:00,A1,43,14,2,2,39.0,156,4,0,0,arterial,3,comercial,0,0,0
2026-04-25 00:30:00,A2,50,17,3,3,37.6,164,5,0,0,arterial,2,residencial,0,0,0
2026-04-25 00:45:00,C1,40,13,2,2,39.7,153,4,0,0,colectora,2,mixta,0,0,0
2026-04-25 01:00:00,A1,51,17,3,3,37.3,165,6,0,0,arterial,3,comercial,0,0,0
2026-04-25 01:15:00,A2,46,15,2,3,38.2,158,5,0,0,arterial,2,residencial,0,0,0
2026-04-25 01:30:00,B1,39,13,2,2,40.1,151,4,0,0,arterial,3,comercial,0,0,0
2026-04-25 01:45:00,C1,34,11,2,2,41.8,147,3,0,0,colectora,2,mixta,0,0,0
2026-04-25 02:00:00,A1,48,16,2,3,37.9,161,5,0,0,arterial,3,comercial,0,0,0
2026-04-25 02:15:00,A2,43,14,2,2,39.0,156,4,0,0,arterial,2,residencial,0,0,0
2026-04-25 02:30:00,B1,37,12,2,2,40.9,150,4,0,0,arterial,3,comercial,0,0,0
2026-04-25 02:45:00,C1,54,18,3,3,36.5,168,6,0,0,colectora,2,mixta,0,0,0
2026-04-25 03:00:00,A1,47,15,2,3,38.0,160,5,0,0,arterial,3,comercial,0,0,0
2026-04-25 03:15:00,A2,41,13,2,2,39.5,154,4,0,0,arterial,2,residencial,0,0,0
2026-04-25 03:30:00,B1,36,12,2,2,41.2,149,4,0,0,arterial,3,comercial,0,0,0
2026-04-25 03:45:00,C1,39,13,2,2,40.1,151,4,0,0,colectora,2,mixta,0,0,0
2026-04-25 04:00:00,A1,53,18,3,3,36.7,167,6,0,0,arterial,3,comercial,0,0,0
2026-04-25 04:15:00,A2,48,16,2,3,37.9,161,5,0,0,arterial,2,residencial,0,0,0
2026-04-25 04:30:00,B1,44,14,2,2,38.7,156,4,0,0,arterial,3,comercial,0,0,0
2026-04-25 04:45:00,C1,49,16,2,2,37.8,163,5,0,0,colectora,2,mixta,0,0,0
2026-04-25 05:00:00,A1,64,21,3,3,33.9,181,8,0,0,arterial,3,comercial,0,0,1
2026-04-25 05:15:00,A2,70,23,4,4,32.4,189,9,0,0,arterial,2,residencial,0,0,1
2026-04-25 05:30:00,B1,62,21,3,3,34.4,179,8,0,0,arterial,3,comercial,0,0,1
2026-04-25 05:45:00,C1,75,25,4,4,31.4,195,10,0,0,colectora,2,mixta,0,0,1
2026-04-25 06:00:00,A1,83,28,4,5,29.6,204,11,0,0,arterial,3,comercial,0,0,1
2026-04-25 06:15:00,A2,91,30,5,5,27.9,214,13,0,0,arterial,2,residencial,0,0,1
2026-04-25 06:30:00,B1,102,34,5,6,25.5,227,16,0,0,arterial,3,comercial,0,0,2
2026-04-25 06:45:00,C1,110,37,6,6,23.9,236,18,0,0,colectora,2,mixta,0,0,2
2026-04-25 07:00:00,A1,139,46,7,8,17.8,271,26,0,0,arterial,3,comercial,1,0,2
2026-04-25 07:15:00,A2,153,51,8,8,15.1,289,32,0,0,arterial,2,residencial,1,0,2
2026-04-25 07:30:00,B1,166,55,8,9,12.7,305,37,0,0,arterial,3,comercial,1,0,2
2026-04-25 07:45:00,C1,147,49,7,8,16.3,282,30,0,0,colectora,2,mixta,1,0,2
2026-04-25 08:00:00,A1,157,52,8,9,14.3,293,33,1,0,arterial,3,comercial,1,0,2
2026-04-25 08:15:00,A2,170,57,9,10,11.8,309,39,0,0,arterial,2,residencial,1,0,2
2026-04-25 08:30:00,B1,178,59,9,10,10.3,319,43,0,0,arterial,3,comercial,1,0,2
2026-04-25 08:45:00,C1,150,50,8,8,15.7,285,30,0,0,colectora,2,mixta,1,0,2
2026-04-25 09:00:00,A1,125,42,6,7,20.4,254,22,0,0,arterial,3,comercial,0,0,2
2026-04-25 09:15:00,A2,111,37,6,6,23.7,237,18,0,0,arterial,2,residencial,0,0,2
2026-04-25 09:30:00,B1,99,33,5,5,26.2,223,15,0,0,arterial,3,comercial,0,0,2
2026-04-25 09:45:00,C1,93,31,5,5,27.4,216,14,0,0,colectora,2,mixta,0,0,1
2026-04-25 10:00:00,A1,102,34,5,6,25.5,227,16,0,0,arterial,3,comercial,0,0,2
2026-04-25 10:15:00,A2,108,36,5,6,24.4,234,18,0,0,arterial,2,residencial,0,0,2
2026-04-25 10:30:00,B1,116,39,6,6,22.7,243,20,0,0,arterial,3,comercial,0,0,2
2026-04-25 10:45:00,C1,122,41,6,7,21.2,250,21,0,0,colectora,2,mixta,0,0,2
2026-04-25 11:00:00,A1,155,52,8,9,14.7,291,33,0,0,arterial,3,comercial,1,0,2
2026-04-25 11:15:00,A2,172,57,9,10,11.6,311,40,0,0,arterial,2,residencial,1,0,2
2026-04-25 11:30:00,B1,181,60,9,10,10.0,322,44,1,0,arterial,3,comercial,1,0,2
2026-04-25 11:45:00,C1,166,55,8,9,12.7,305,37,0,0,colectora,2,mixta,1,0,2
2026-04-25 12:00:00,A1,149,50,7,8,16.0,284,30,0,0,arterial,3,comercial,1,0,2
2026-04-25 12:15:00,A2,137,46,7,8,18.3,269,26,0,0,arterial,2,residencial,1,0,2
2026-04-25 12:30:00,B1,127,42,6,7,20.2,256,23,0,0,arterial,3,comercial,1,0,2
2026-04-25 12:45:00,C1,119,40,6,7,22.1,247,20,0,0,colectora,2,mixta,1,0,2
2026-04-25 13:00:00,A1,106,35,5,6,24.6,232,17,0,0,arterial,3,comercial,0,0,2
2026-04-25 13:15:00,A2,100,33,5,6,26.0,224,15,0,0,arterial,2,residencial,0,0,2
2026-04-25 13:30:00,B1,94,31,5,5,27.2,217,14,0,0,arterial,3,comercial,0,0,1
2026-04-25 13:45:00,C1,88,29,4,5,28.5,210,12,0,0,colectora,2,mixta,0,0,1
2026-04-25 14:00:00,A1,80,27,4,4,30.3,200,11,0,0,arterial,3,comercial,0,0,1
2026-04-25 14:15:00,A2,75,25,4,4,31.4,195,10,0,0,arterial,2,residencial,0,0,1
2026-04-25 14:30:00,B1,79,26,4,4,30.6,199,10,0,0,arterial,3,comercial,0,0,1
2026-04-25 14:45:00,C1,83,28,4,5,29.6,204,11,0,0,colectora,2,mixta,0,0,1
2026-04-25 15:00:00,A1,92,31,5,5,27.6,215,13,0,0,arterial,3,comercial,0,0,1
2026-04-25 15:15:00,A2,99,33,5,5,26.2,223,15,0,0,arterial,2,residencial,0,0,2
2026-04-25 15:30:00,B1,104,35,5,6,25.1,229,16,0,0,arterial,3,comercial,0,0,2
2026-04-25 15:45:00,C1,111,37,6,6,23.7,237,18,0,0,colectora,2,mixta,0,0,2
2026-04-25 16:00:00,A1,126,42,6,7,20.1,255,23,0,0,arterial,3,comercial,0,0,2
2026-04-25 16:15:00,A2,139,46,7,8,17.8,271,26,0,0,arterial,2,residencial,0,0,2
2026-04-25 16:30:00,B1,152,51,8,8,15.3,288,31,0,0,arterial,3,comercial,0,0,2
2026-04-25 16:45:00,C1,158,53,8,9,14.1,294,33,0,0,colectora,2,mixta,0,0,2
2026-04-25 17:00:00,A1,180,60,9,10,10.1,320,44,0,0,arterial,3,comercial,1,0,2
2026-04-25 17:15:00,A2,190,63,10,11,10.0,332,48,0,0,arterial,2,residencial,1,0,2
2026-04-25 17:30:00,B1,198,66,10,11,10.0,341,52,1,0,arterial,3,comercial,1,0,2
2026-04-25 17:45:00,C1,183,61,9,10,10.0,324,45,0,0,colectora,2,mixta,1,0,2
2026-04-25 18:00:00,A1,175,58,9,10,10.9,316,42,0,0,arterial,3,comercial,1,0,2
2026-04-25 18:15:00,A2,164,55,8,9,13.1,301,36,0,0,arterial,2,residencial,1,0,2
2026-04-25 18:30:00,B1,153,51,8,8,15.1,289,32,0,0,arterial,3,comercial,1,0,2
2026-04-25 18:45:00,C1,142,47,7,8,17.3,275,27,0,0,colectora,2,mixta,1,0,2
2026-04-25 19:00:00,A1,126,42,6,7,20.1,255,23,0,0,arterial,3,comercial,0,0,2
2026-04-25 19:15:00,A2,114,38,6,6,23.1,241,19,0,0,arterial,2,residencial,0,0,2
2026-04-25 19:30:00,B1,103,34,5,6,25.3,228,16,0,0,arterial,3,comercial,0,0,2
2026-04-25 19:45:00,C1,93,31,5,5,27.4,216,14,0,0,colectora,2,mixta,0,0,1
2026-04-25 20:00:00,A1,78,26,4,4,30.8,198,10,0,0,arterial,3,comercial,0,0,1
2026-04-25 20:15:00,A2,70,23,4,4,32.4,189,9,0,0,arterial,2,residencial,0,0,1
2026-04-25 20:30:00,B1,64,21,3,3,33.9,181,8,0,0,arterial,3,comercial,0,0,1
2026-04-25 20:45:00,C1,59,20,3,3,35.0,175,7,0,0,colectora,2,mixta,0,0,1
2026-04-25 21:00:00,A1,55,18,3,3,36.0,170,6,0,0,arterial,3,comercial,0,0,1
2026-04-25 21:15:00,A2,48,16,2,3,37.9,161,5,0,0,arterial,2,residencial,0,0,0
2026-04-25 21:30:00,B1,44,14,2,2,38.7,156,4,0,0,arterial,3,comercial,0,0,0
2026-04-25 21:45:00,C1,40,13,2,2,39.7,153,4,0,0,colectora,2,mixta,0,0,0
2026-04-25 22:00:00,A1,51,17,3,3,37.3,165,6,0,0,arterial,3,comercial,0,0,0
2026-04-25 22:15:00,A2,45,15,2,2,38.5,158,5,0,0,arterial,2,residencial,0,0,0
2026-04-25 22:30:00,B1,39,13,2,2,40.1,151,4,0,0,arterial,3,comercial,0,0,0
2026-04-25 22:45:00,C1,42,14,2,2,39.1,155,4,0,0,colectora,2,mixta,0,0,0
2026-04-25 23:00:00,A1,56,19,3,3,35.6,172,7,0,0,arterial,3,comercial,0,0,1
2026-04-25 23:15:00,A2,50,17,3,3,37.6,164,5,0,0,arterial,2,residencial,0,0,0
2026-04-25 23:30:00,B1,46,15,2,3,38.2,158,5,0,0,arterial,3,comercial,0,0,0
2026-04-25 23:45:00,C1,37,12,2,2,40.9,150,4,0,0,colectora,2,mixta,0,0,0
2026-04-26 00:00:00,C1,33,11,2,2,42.0,146,3,0,0,colectora,2,mixta,0,0,0
2026-04-26 00:15:00,A2,40,13,2,2,39.7,153,4,0,0,arterial,2,residencial,0,0,0
2026-04-26 00:30:00,A1,47,15,2,3,38.0,160,5,0,0,arterial,3,comercial,0,0,0
2026-04-26 00:45:00,B1,38,12,2,2,40.4,150,4,0,0,arterial,3,comercial,0,0,0
2026-04-26 01:00:00,A1,49,16,2,2,37.8,163,5,0,0,arterial,3,comercial,0,0,0
2026-04-26 01:15:00,A2,43,14,2,2,39.0,156,4,0,0,arterial,2,residencial,0,0,0
2026-04-26 01:30:00,B1,37,12,2,2,40.9,150,4,0,0,arterial,3,comercial,0,0,0
2026-04-26 01:45:00,C1,32,11,2,2,42.1,145,3,0,0,colectora,2,mixta,0,0,0
2026-04-26 02:00:00,A1,46,15,2,3,38.2,158,5,0,0,arterial,3,comercial,0,0,0
2026-04-26 02:15:00,A2,41,13,2,2,39.5,154,4,0,0,arterial,2,residencial,0,0,0
2026-04-26 02:30:00,B1,35,11,2,2,41.4,148,3,0,0,arterial,3,comercial,0,0,0
2026-04-26 02:45:00,C1,52,17,3,3,36.9,166,6,0,0,colectora,2,mixta,0,0,0
2026-04-26 03:00:00,A1,45,15,2,2,38.5,158,5,0,0,arterial,3,comercial,0,0,0
2026-04-26 03:15:00,A2,39,13,2,2,40.1,151,4,0,0,arterial,2,residencial,0,0,0
2026-04-26 03:30:00,B1,34,11,2,2,41.8,147,3,0,0,arterial,3,comercial,0,0,0
2026-04-26 03:45:00,C1,37,12,2,2,40.9,150,4,0,0,colectora,2,mixta,0,0,0
2026-04-26 04:00:00,A1,51,17,3,3,37.3,165,6,0,0,arterial,3,comercial,0,0,0
2026-04-26 04:15:00,A2,45,15,2,2,38.5,158,5,0,0,arterial,2,residencial,0,0,0
2026-04-26 04:30:00,B1,42,14,2,2,39.1,155,4,0,0,arterial,3,comercial,0,0,0
2026-04-26 04:45:00,C1,48,16,2,3,37.9,161,5,0,0,colectora,2,mixta,0,0,0
2026-04-26 05:00:00,A1,63,21,3,3,34.1,180,8,0,0,arterial,3,comercial,0,0,1
2026-04-26 05:15:00,A2,68,23,3,4,32.7,186,9,0,0,arterial,2,residencial,0,0,1
2026-04-26 05:30:00,B1,61,20,3,3,34.6,178,8,0,0,arterial,3,comercial,0,0,1
2026-04-26 05:45:00,C1,73,24,4,4,31.8,193,9,0,0,colectora,2,mixta,0,0,1
2026-04-26 06:00:00,A1,81,27,4,5,30.2,201,11,0,0,arterial,3,comercial,0,0,1
2026-04-26 06:15:00,A2,89,30,4,5,28.3,211,13,0,0,arterial,2,residencial,0,0,1
2026-04-26 06:30:00,B1,100,33,5,6,26.0,224,15,0,0,arterial,3,comercial,0,0,2
2026-04-26 06:45:00,C1,107,36,5,6,24.6,234,18,0,0,colectora,2,mixta,0,0,2
2026-04-26 07:00:00,A1,137,46,7,8,18.3,269,26,0,0,arterial,3,comercial,1,0,2
2026-04-26 07:15:00,A2,151,50,8,8,15.5,286,30,0,0,arterial,2,residencial,1,0,2
2026-04-26 07:30:00,B1,163,54,8,9,13.3,300,36,1,0,arterial,3,comercial,1,0,2
2026-04-26 07:45:00,C1,145,48,7,8,16.7,278,28,0,0,colectora,2,mixta,1,0,2
2026-04-26 08:00:00,A1,155,52,8,9,14.7,291,33,0,0,arterial,3,comercial,1,0,2
2026-04-26 08:15:00,A2,168,56,8,9,12.4,306,37,0,0,arterial,2,residencial,1,0,2
2026-04-26 08:30:00,B1,177,59,9,10,10.6,317,42,0,0,arterial,3,comercial,1,0,2
2026-04-26 08:45:00,C1,149,50,7,8,16.0,284,30,0,0,colectora,2,mixta,1,0,2
2026-04-26 09:00:00,A1,123,41,6,7,21.0,252,22,0,0,arterial,3,comercial,0,0,2
2026-04-26 09:15:00,A2,109,36,5,6,24.2,235,18,0,0,arterial,2,residencial,0,0,2
2026-04-26 09:30:00,B1,97,32,5,5,26.6,221,14,0,0,arterial,3,comercial,0,0,2
2026-04-26 09:45:00,C1,91,30,5,5,27.9,214,13,0,0,colectora,2,mixta,0,0,1
2026-04-26 10:00:00,A1,100,33,5,6,26.0,224,15,0,0,arterial,3,comercial,0,0,2
2026-04-26 10:15:00,A2,106,35,5,6,24.6,232,17,0,0,arterial,2,residencial,0,0,2
2026-04-26 10:30:00,B1,114,38,6,6,23.1,241,19,0,0,arterial,3,comercial,0,0,2
2026-04-26 10:45:00,C1,121,40,6,7,21.4,249,21,0,0,colectora,2,mixta,0,0,2
2026-04-26 11:00:00,A1,153,51,8,8,15.1,289,32,0,0,arterial,3,comercial,1,0,2
2026-04-26 11:15:00,A2,170,57,9,10,11.8,309,39,1,0,arterial,2,residencial,1,0,2
2026-04-26 11:30:00,B1,179,60,9,10,10.1,321,44,0,0,arterial,3,comercial,1,0,2
2026-04-26 11:45:00,C1,164,55,8,9,13.1,301,36,0,0,colectora,2,mixta,1,0,2
2026-04-26 12:00:00,A1,148,49,7,8,16.2,282,29,0,0,arterial,3,comercial,1,0,2
2026-04-26 12:15:00,A2,135,45,7,8,18.7,266,25,0,0,arterial,2,residencial,1,0,2
2026-04-26 12:30:00,B1,125,42,6,7,20.4,254,22,0,0,arterial,3,comercial,1,0,2
2026-04-26 12:45:00,C1,117,39,6,7,22.5,244,20,0,0,colectora,2,mixta,1,0,2
2026-04-26 13:00:00,A1,104,35,5,6,25.1,229,16,0,0,arterial,3,comercial,0,0,2
2026-04-26 13:15:00,A2,98,33,5,5,26.4,222,15,0,0,arterial,2,residencial,0,0,2
2026-04-26 13:30:00,B1,92,31,5,5,27.6,215,13,0,0,arterial,3,comercial,0,0,1
2026-04-26 13:45:00,C1,87,29,4,5,28.6,209,12,0,0,colectora,2,mixta,0,0,1
2026-04-26 14:00:00,A1,78,26,4,4,30.8,198,10,0,0,arterial,3,comercial,0,0,1
2026-04-26 14:15:00,A2,73,24,4,4,31.8,193,9,0,0,arterial,2,residencial,0,0,1
2026-04-26 14:30:00,B1,77,26,4,4,31.0,197,10,0,0,arterial,3,comercial,0,0,1
2026-04-26 14:45:00,C1,81,27,4,5,30.2,201,11,0,0,colectora,2,mixta,0,0,1
2026-04-26 15:00:00,A1,90,30,5,5,28.1,212,13,0,0,arterial,3,comercial,0,0,1
2026-04-26 15:15:00,A2,96,32,5,5,26.8,219,14,0,0,arterial,2,residencial,0,0,2
2026-04-26 15:30:00,B1,102,34,5,6,25.5,227,16,0,0,arterial,3,comercial,0,0,2
2026-04-26 15:45:00,C1,109,36,5,6,24.2,235,18,0,0,colectora,2,mixta,0,0,2
2026-04-26 16:00:00,A1,124,41,6,7,20.8,253,22,0,0,arterial,3,comercial,0,0,2
2026-04-26 16:15:00,A2,137,46,7,8,18.3,269,26,0,0,arterial,2,residencial,0,0,2
2026-04-26 16:30:00,B1,150,50,8,8,15.7,285,30,0,0,arterial,3,comercial,0,0,2
2026-04-26 16:45:00,C1,156,52,8,9,14.5,292,33,0,0,colectora,2,mixta,0,0,2
2026-04-26 17:00:00,A1,178,59,9,10,10.3,319,43,0,0,arterial,3,comercial,1,0,2
2026-04-26 17:15:00,A2,188,63,9,11,10.0,330,47,0,0,arterial,2,residencial,1,0,2
2026-04-26 17:30:00,B1,196,65,10,11,10.0,339,51,1,0,arterial,3,comercial,1,0,2
2026-04-26 17:45:00,C1,182,61,9,10,10.0,323,44,0,0,colectora,2,mixta,1,0,2
2026-04-26 18:00:00,A1,173,58,9,10,11.4,312,40,0,0,arterial,3,comercial,1,0,2
2026-04-26 18:15:00,A2,163,54,8,9,13.3,300,36,0,0,arterial,2,residencial,1,0,2
2026-04-26 18:30:00,B1,151,50,8,8,15.5,286,30,0,0,arterial,3,comercial,1,0,2
2026-04-26 18:45:00,C1,141,47,7,8,17.4,274,27,0,0,colectora,2,mixta,1,0,2
2026-04-26 19:00:00,A1,124,41,6,7,20.8,253,22,0,0,arterial,3,comercial,0,0,2
2026-04-26 19:15:00,A2,113,38,6,6,23.3,240,19,0,0,arterial,2,residencial,0,0,2
2026-04-26 19:30:00,B1,101,34,5,6,25.8,225,16,0,0,arterial,3,comercial,0,0,2
2026-04-26 19:45:00,C1,91,30,5,5,27.9,214,13,0,0,colectora,2,mixta,0,0,1
2026-04-26 20:00:00,A1,76,25,4,4,31.2,196,10,0,0,arterial,3,comercial,0,0,1
2026-04-26 20:15:00,A2,69,23,3,4,32.5,187,9,0,0,arterial,2,residencial,0,0,1
2026-04-26 20:30:00,B1,63,21,3,3,34.1,180,8,0,0,arterial,3,comercial,0,0,1
2026-04-26 20:45:00,C1,57,19,3,3,35.4,173,7,0,0,colectora,2,mixta,0,0,1
2026-04-26 21:00:00,A1,52,17,3,3,36.9,166,6,0,0,arterial,3,comercial,0,0,0
2026-04-26 21:15:00,A2,46,15,2,3,38.2,158,5,0,0,arterial,2,residencial,0,0,0
2026-04-26 21:30:00,B1,42,14,2,2,39.1,155,4,0,0,arterial,3,comercial,0,0,0
2026-04-26 21:45:00,C1,39,13,2,2,40.1,151,4,0,0,colectora,2,mixta,0,0,0
2026-04-26 22:00:00,A1,49,16,2,2,37.8,163,5,0,0,arterial,3,comercial,0,0,0
2026-04-26 22:15:00,A2,43,14,2,2,39.0,156,4,0,0,arterial,2,residencial,0,0,0
2026-04-26 22:30:00,B1,37,12,2,2,40.9,150,4,0,0,arterial,3,comercial,0,0,0
2026-04-26 22:45:00,C1,40,13,2,2,39.7,153,4,0,0,colectora,2,mixta,0,0,0
2026-04-26 23:00:00,A1,54,18,3,3,36.5,168,6,0,0,arterial,3,comercial,0,0,0
2026-04-26 23:15:00,A2,48,16,2,3,37.9,161,5,0,0,arterial,2,residencial,0,0,0
2026-04-26 23:30:00,B1,44,14,2,2,38.7,156,4,0,0,arterial,3,comercial,0,0,0
2026-04-26 23:45:00,C1,35,11,2,2,41.4,148,3,0,0,colectora,2,mixta,0,0,0
2026-04-27 00:00:00,C1,32,11,2,2,42.1,145,3,0,0,colectora,2,mixta,0,0,0
2026-04-27 00:15:00,A2,39,13,2,2,40.1,151,4,0,0,arterial,2,residencial,0,0,0
2026-04-27 00:30:00,A1,46,15,2,3,38.2,158,5,0,0,arterial,3,comercial,0,0,0
2026-04-27 00:45:00,B1,37,12,2,2,40.9,150,4,0,0,arterial,3,comercial,0,0,0
2026-04-27 01:00:00,A1,48,16,2,3,37.9,161,5,0,0,arterial,3,comercial,0,0,0
2026-04-27 01:15:00,A2,42,14,2,2,39.1,155,4,0,0,arterial,2,residencial,0,0,0
2026-04-27 01:30:00,B1,35,11,2,2,41.4,148,3,0,0,arterial,3,comercial,0,0,0
2026-04-27 01:45:00,C1,31,10,2,1,42.5,144,3,0,0,colectora,2,mixta,0,0,0
2026-04-27 02:00:00,A1,45,15,2,2,38.5,158,5,0,0,arterial,3,comercial,0,0,0
2026-04-27 02:15:00,A2,40,13,2,2,39.7,153,4,0,0,arterial,2,residencial,0,0,0
2026-04-27 02:30:00,B1,34,11,2,2,41.8,147,3,0,0,arterial,3,comercial,0,0,0
2026-04-27 02:45:00,C1,51,17,3,3,37.3,165,6,0,0,colectora,2,mixta,0,0,0
2026-04-27 03:00:00,A1,44,14,2,2,38.7,156,4,0,0,arterial,3,comercial,0,0,0
2026-04-27 03:15:00,A2,38,12,2,2,40.4,150,4,0,0,arterial,2,residencial,0,0,0
2026-04-27 03:30:00,B1,32,11,2,2,42.1,145,3,0,0,arterial,3,comercial,0,0,0
2026-04-27 03:45:00,C1,36,12,2,2,41.2,149,4,0,0,colectora,2,mixta,0,0,0
2026-04-27 04:00:00,A1,50,17,3,3,37.6,164,5,0,0,arterial,3,comercial,0,0,0
2026-04-27 04:15:00,A2,44,14,2,2,38.7,156,4,0,0,arterial,2,residencial,0,0,0
2026-04-27 04:30:00,B1,40,13,2,2,39.7,153,4,0,0,arterial,3,comercial,0,0,0
2026-04-27 04:45:00,C1,46,15,2,3,38.2,158,5,0,0,colectora,2,mixta,0,0,0
2026-04-27 05:00:00,A1,61,20,3,3,34.6,178,8,0,0,arterial,3,comercial,0,0,1
2026-04-27 05:15:00,A2,66,22,3,4,33.3,184,8,0,0,arterial,2,residencial,0,0,1
2026-04-27 05:30:00,B1,59,20,3,3,35.0,175,7,0,0,arterial,3,comercial,0,0,1
2026-04-27 05:45:00,C1,71,24,4,4,32.2,190,9,0,0,colectora,2,mixta,0,0,1
2026-04-27 06:00:00,A1,79,26,4,4,30.6,199,10,0,0,arterial,3,comercial,0,0,1
2026-04-27 06:15:00,A2,86,29,4,5,28.9,208,12,0,0,arterial,2,residencial,0,0,1
2026-04-27 06:30:00,B1,97,32,5,5,26.6,221,14,0,0,arterial,3,comercial,0,0,2
2026-04-27 06:45:00,C1,104,35,5,6,25.1,229,16,0,0,colectora,2,mixta,0,0,2
2026-04-27 07:00:00,A1,134,45,7,8,18.9,265,25,0,0,arterial,3,comercial,1,0,2
2026-04-27 07:15:00,A2,147,49,7,8,16.3,282,30,0,0,arterial,2,residencial,1,0,2
2026-04-27 07:30:00,B1,160,53,8,9,13.7,297,35,1,0,arterial,3,comercial,1,0,2
2026-04-27 07:45:00,C1,141,47,7,8,17.4,274,27,0,0,colectora,2,mixta,1,0,2
2026-04-27 08:00:00,A1,151,50,8,8,15.5,286,30,0,0,arterial,3,comercial,1,0,2
2026-04-27 08:15:00,A2,164,55,8,9,13.1,301,36,0,0,arterial,2,residencial,1,0,2
2026-04-27 08:30:00,B1,173,58,9,10,11.4,312,40,0,0,arterial,3,comercial,1,0,2
2026-04-27 08:45:00,C1,145,48,7,8,16.7,278,28,0,0,colectora,2,mixta,1,0,2
2026-04-27 09:00:00,A1,119,40,6,7,21.8,247,20,0,0,arterial,3,comercial,0,0,2
2026-04-27 09:15:00,A2,106,35,5,6,24.6,232,17,0,0,arterial,2,residencial,0,0,2
2026-04-27 09:30:00,B1,94,31,5,5,27.2,217,14,0,0,arterial,3,comercial,0,0,1
2026-04-27 09:45:00,C1,88,29,4,5,28.5,210,12,0,0,colectora,2,mixta,0,0,1
2026-04-27 10:00:00,A1,97,32,5,5,26.6,221,14,0,0,arterial,3,comercial,0,0,2
2026-04-27 10:15:00,A2,102,34,5,6,25.5,227,16,0,0,arterial,2,residencial,0,0,2
2026-04-27 10:30:00,B1,111,37,6,6,23.7,237,18,0,0,arterial,3,comercial,0,0,2
2026-04-27 10:45:00,C1,117,39,6,7,22.5,244,20,0,0,colectora,2,mixta,0,0,2
2026-04-27 11:00:00,A1,150,50,8,8,15.7,285,30,0,0,arterial,3,comercial,1,0,2
2026-04-27 11:15:00,A2,166,55,8,9,12.7,305,37,0,0,arterial,2,residencial,1,0,2
2026-04-27 11:30:00,B1,175,58,9,10,10.9,316,42,1,0,arterial,3,comercial,1,0,2
2026-04-27 11:45:00,C1,160,53,8,9,13.7,297,35,0,0,colectora,2,mixta,1,0,2
2026-04-27 12:00:00,A1,143,48,7,8,17.0,276,28,0,0,arterial,3,comercial,1,0,2
2026-04-27 12:15:00,A2,132,44,7,7,19.3,262,24,0,0,arterial,2,residencial,1,0,2
2026-04-27 12:30:00,B1,122,41,6,7,21.2,250,21,0,0,arterial,3,comercial,1,0,2
2026-04-27 12:45:00,C1,114,38,6,6,23.1,241,19,0,0,colectora,2,mixta,1,0,2
2026-04-27 13:00:00,A1,101,34,5,6,25.8,225,16,0,0,arterial,3,comercial,0,0,2
2026-04-27 13:15:00,A2,95,32,5,5,27.0,218,14,0,0,arterial,2,residencial,0,0,2
2026-04-27 13:30:00,B1,89,30,4,5,28.3,211,13,0,0,arterial,3,comercial,0,0,1
2026-04-27 13:45:00,C1,84,28,4,5,29.4,205,11,0,0,colectora,2,mixta,0,0,1
2026-04-27 14:00:00,A1,76,25,4,4,31.2,196,10,0,0,arterial,3,comercial,0,0,1
2026-04-27 14:15:00,A2,71,24,4,4,32.2,190,9,0,0,arterial,2,residencial,0,0,1
2026-04-27 14:30:00,B1,74,25,4,4,31.6,194,10,0,0,arterial,3,comercial,0,0,1
2026-04-27 14:45:00,C1,79,26,4,4,30.6,199,10,0,0,colectora,2,mixta,0,0,1
2026-04-27 15:00:00,A1,87,29,4,5,28.6,209,12,0,0,arterial,3,comercial,0,0,1
2026-04-27 15:15:00,A2,94,31,5,5,27.2,217,14,0,0,arterial,2,residencial,0,0,1
2026-04-27 15:30:00,B1,99,33,5,5,26.2,223,15,0,0,arterial,3,comercial,0,0,2
2026-04-27 15:45:00,C1,106,35,5,6,24.6,232,17,0,0,colectora,2,mixta,0,0,2
2026-04-27 16:00:00,A1,121,40,6,7,21.4,249,21,0,0,arterial,3,comercial,0,0,2
2026-04-27 16:15:00,A2,134,45,7,8,18.9,265,25,0,0,arterial,2,residencial,0,0,2
2026-04-27 16:30:00,B1,147,49,7,8,16.3,282,30,0,0,arterial,3,comercial,0,0,2
2026-04-27 16:45:00,C1,153,51,8,8,15.1,289,32,0,0,colectora,2,mixta,0,0,2
2026-04-27 17:00:00,A1,175,58,9,10,10.9,316,42,1,0,arterial,3,comercial,1,0,2
2026-04-27 17:15:00,A2,184,61,9,10,10.0,325,46,0,0,arterial,2,residencial,1,0,2
2026-04-27 17:30:00,B1,193,64,10,11,10.0,336,50,0,0,arterial,3,comercial,1,0,2
2026-04-27 17:45:00,C1,178,59,9,10,10.3,319,43,0,0,colectora,2,mixta,1,0,2
2026-04-27 18:00:00,A1,170,57,9,10,11.8,309,39,0,0,arterial,3,comercial,1,0,2
2026-04-27 18:15:00,A2,160,53,8,9,13.7,297,35,0,0,arterial,2,residencial,1,0,2
2026-04-27 18:30:00,B1,148,49,7,8,16.2,282,29,0,0,arterial,3,comercial,1,0,2
2026-04-27 18:45:00,C1,138,46,7,8,18.1,270,26,0,0,colectora,2,mixta,1,0,2
2026-04-27 19:00:00,A1,121,40,6,7,21.4,249,21,0,0,arterial,3,comercial,0,0,2
2026-04-27 19:15:00,A2,110,37,6,6,23.9,236,18,0,0,arterial,2,residencial,0,0,2
2026-04-27 19:30:00,B1,98,33,5,5,26.4,222,15,0,0,arterial,3,comercial,0,0,2
2026-04-27 19:45:00,C1,88,29,4,5,28.5,210,12,0,0,colectora,2,mixta,0,0,1
2026-04-27 20:00:00,A1,73,24,4,4,31.8,193,9,0,0,arterial,3,comercial,0,0,1
2026-04-27 20:15:00,A2,66,22,3,4,33.3,184,8,0,0,arterial,2,residencial,0,0,1
2026-04-27 20:30:00,B1,60,20,3,3,34.8,176,7,0,0,arterial,3,comercial,0,0,1
2026-04-27 20:45:00,C1,54,18,3,3,36.5,168,6,0,0,colectora,2,mixta,0,0,0
2026-04-27 21:00:00,A1,49,16,2,2,37.8,163,5,0,0,arterial,3,comercial,0,0,0
2026-04-27 21:15:00,A2,43,14,2,2,39.0,156,4,0,0,arterial,2,residencial,0,0,0
2026-04-27 21:30:00,B1,39,13,2,2,40.1,151,4,0,0,arterial,3,comercial,0,0,0
2026-04-27 21:45:00,C1,36,12,2,2,41.2,149,4,0,0,colectora,2,mixta,0,0,0
2026-04-27 22:00:00,A1,46,15,2,3,38.2,158,5,0,0,arterial,3,comercial,0,0,0
2026-04-27 22:15:00,A2,40,13,2,2,39.7,153,4,0,0,arterial,2,residencial,0,0,0
2026-04-27 22:30:00,B1,34,11,2,2,41.8,147,3,0,0,arterial,3,comercial,0,0,0
2026-04-27 22:45:00,C1,37,12,2,2,40.9,150,4,0,0,colectora,2,mixta,0,0,0
2026-04-27 23:00:00,A1,51,17,3,3,37.3,165,6,0,0,arterial,3,comercial,0,0,0
2026-04-27 23:15:00,A2,45,15,2,2,38.5,158,5,0,0,arterial,2,residencial,0,0,0
2026-04-27 23:30:00,B1,41,13,2,2,39.5,154,4,0,0,arterial,3,comercial,0,0,0
2026-04-27 23:45:00,C1,32,11,2,2,42.1,145,3,0,0,colectora,2,mixta,0,0,0
2026-04-28 00:00:00,C1,31,10,2,1,42.5,144,3,0,0,colectora,2,mixta,0,0,0
2026-04-28 00:15:00,A1,39,13,2,2,40.1,151,4,0,0,arterial,3,comercial,0,0,0
2026-04-28 00:30:00,A2,45,15,2,2,38.5,158,5,0,0,arterial,2,residencial,0,0,0
2026-04-28 00:45:00,B1,36,12,2,2,41.2,149,4,0,0,arterial,3,comercial,0,0,0
2026-04-28 01:00:00,A1,47,15,2,3,38.0,160,5,0,0,arterial,3,comercial,0,0,0
2026-04-28 01:15:00,A2,41,13,2,2,39.5,154,4,0,0,arterial,2,residencial,0,0,0
2026-04-28 01:30:00,B1,34,11,2,2,41.8,147,3,0,0,arterial,3,comercial,0,0,0
2026-04-28 01:45:00,C1,31,10,2,1,42.5,144,3,0,0,colectora,2,mixta,0,0,0
2026-04-28 02:00:00,A1,43,14,2,2,39.0,156,4,0,0,arterial,3,comercial,0,0,0
2026-04-28 02:15:00,A2,38,12,2,2,40.4,150,4,0,0,arterial,2,residencial,0,0,0
2026-04-28 02:30:00,B1,32,11,2,2,42.1,145,3,0,0,arterial,3,comercial,0,0,0
2026-04-28 02:45:00,C1,49,16,2,2,37.8,163,5,0,0,colectora,2,mixta,0,0,0
2026-04-28 03:00:00,A1,42,14,2,2,39.1,155,4,0,0,arterial,3,comercial,0,0,0
2026-04-28 03:15:00,A2,37,12,2,2,40.9,150,4,0,0,arterial,2,residencial,0,0,0
2026-04-28 03:30:00,B1,31,10,2,1,42.5,144,3,0,0,arterial,3,comercial,0,0,0
2026-04-28 03:45:00,C1,34,11,2,2,41.8,147,3,0,0,colectora,2,mixta,0,0,0
2026-04-28 04:00:00,A1,48,16,2,3,37.9,161,5,0,0,arterial,3,comercial,0,0,0
2026-04-28 04:15:00,A2,42,14,2,2,39.1,155,4,0,0,arterial,2,residencial,0,0,0
2026-04-28 04:30:00,B1,38,12,2,2,40.4,150,4,0,0,arterial,3,comercial,0,0,0
2026-04-28 04:45:00,C1,44,14,2,2,38.7,156,4,0,0,colectora,2,mixta,0,0,0
2026-04-28 05:00:00,A1,58,19,3,3,35.2,174,7,0,0,arterial,3,comercial,0,0,1
2026-04-28 05:15:00,A2,63,21,3,3,34.1,180,8,0,0,arterial,2,residencial,0,0,1
2026-04-28 05:30:00,B1,56,19,3,3,35.6,172,7,0,0,arterial,3,comercial,0,0,1
2026-04-28 05:45:00,C1,68,23,3,4,32.7,186,9,0,0,colectora,2,mixta,0,0,1
2026-04-28 06:00:00,A1,75,25,4,4,31.4,195,10,0,0,arterial,3,comercial,0,0,1
2026-04-28 06:15:00,A2,83,28,4,5,29.6,204,11,0,0,arterial,2,residencial,0,0,1
2026-04-28 06:30:00,B1,93,31,5,5,27.4,216,14,0,0,arterial,3,comercial,0,0,1
2026-04-28 06:45:00,C1,101,34,5,6,25.8,225,16,0,0,colectora,2,mixta,0,0,2
2026-04-28 07:00:00,A1,129,43,6,7,19.8,259,23,0,0,arterial,3,comercial,1,0,2
2026-04-28 07:15:00,A2,142,47,7,8,17.3,275,27,1,0,arterial,2,residencial,1,0,2
2026-04-28 07:30:00,B1,154,51,8,9,14.9,290,32,0,0,arterial,3,comercial,1,0,2
2026-04-28 07:45:00,C1,136,45,7,8,18.5,268,26,0,0,colectora,2,mixta,1,0,2
2026-04-28 08:00:00,A1,146,49,7,8,16.5,280,29,0,0,arterial,3,comercial,1,0,2
2026-04-28 08:15:00,A2,158,53,8,9,14.1,294,33,0,0,arterial,2,residencial,1,0,2
2026-04-28 08:30:00,B1,167,56,8,9,12.5,307,38,0,0,arterial,3,comercial,1,0,2
2026-04-28 08:45:00,C1,140,47,7,8,17.6,272,27,0,0,colectora,2,mixta,1,0,2
2026-04-28 09:00:00,A1,116,39,6,6,22.7,243,20,0,0,arterial,3,comercial,0,0,2
2026-04-28 09:15:00,A2,102,34,5,6,25.5,227,16,0,0,arterial,2,residencial,0,0,2
2026-04-28 09:30:00,B1,90,30,5,5,28.1,212,13,0,0,arterial,3,comercial,0,0,1
2026-04-28 09:45:00,C1,85,28,4,5,29.1,206,12,0,0,colectora,2,mixta,0,0,1
2026-04-28 10:00:00,A1,93,31,5,5,27.4,216,14,0,0,arterial,3,comercial,0,0,1
2026-04-28 10:15:00,A2,99,33,5,5,26.2,223,15,0,0,arterial,2,residencial,0,0,2
2026-04-28 10:30:00,B1,107,36,5,6,24.6,234,18,0,0,arterial,3,comercial,0,0,2
2026-04-28 10:45:00,C1,113,38,6,6,23.3,240,19,0,0,colectora,2,mixta,0,0,2
2026-04-28 11:00:00,A1,144,48,7,8,16.8,278,28,0,0,arterial,3,comercial,1,0,2
2026-04-28 11:15:00,A2,161,54,8,9,13.8,298,35,0,0,arterial,2,residencial,1,0,2
2026-04-28 11:30:00,B1,170,57,9,10,11.8,309,39,1,0,arterial,3,comercial,1,0,2
2026-04-28 11:45:00,C1,155,52,8,9,14.7,291,33,0,0,colectora,2,mixta,1,0,2
2026-04-28 12:00:00,A1,139,46,7,8,17.8,271,26,0,0,arterial,3,comercial,1,0,2
2026-04-28 12:15:00,A2,128,43,6,7,20.0,258,23,0,0,arterial,2,residencial,1,0,2
2026-04-28 12:30:00,B1,118,39,6,7,22.3,246,20,0,0,arterial,3,comercial,1,0,2
2026-04-28 12:45:00,C1,110,37,6,6,23.9,236,18,0,0,colectora,2,mixta,1,0,2
2026-04-28 13:00:00,A1,98,33,5,5,26.4,222,15,0,0,arterial,3,comercial,0,0,2
2026-04-28 13:15:00,A2,92,31,5,5,27.6,215,13,0,0,arterial,2,residencial,0,0,1
2026-04-28 13:30:00,B1,86,29,4,5,28.9,208,12,0,0,arterial,3,comercial,0,0,1
2026-04-28 13:45:00,C1,81,27,4,5,30.2,201,11,0,0,colectora,2,mixta,0,0,1
2026-04-28 14:00:00,A1,73,24,4,4,31.8,193,9,0,0,arterial,3,comercial,0,0,1
2026-04-28 14:15:00,A2,69,23,3,4,32.5,187,9,0,0,arterial,2,residencial,0,0,1
2026-04-28 14:30:00,B1,72,24,4,4,32.0,192,9,0,0,arterial,3,comercial,0,0,1
2026-04-28 14:45:00,C1,76,25,4,4,31.2,196,10,0,0,colectora,2,mixta,0,0,1
2026-04-28 15:00:00,A1,85,28,4,5,29.1,206,12,0,0,arterial,3,comercial,0,0,1
2026-04-28 15:15:00,A2,91,30,5,5,27.9,214,13,0,0,arterial,2,residencial,0,0,1
2026-04-28 15:30:00,B1,96,32,5,5,26.8,219,14,0,0,arterial,3,comercial,0,0,2
2026-04-28 15:45:00,C1,103,34,5,6,25.3,228,16,0,0,colectora,2,mixta,0,0,2
2026-04-28 16:00:00,A1,117,39,6,7,22.5,244,20,0,0,arterial,3,comercial,0,0,2
2026-04-28 16:15:00,A2,129,43,6,7,19.8,259,23,0,0,arterial,2,residencial,0,0,2
2026-04-28 16:30:00,B1,142,47,7,8,17.3,275,27,0,0,arterial,3,comercial,0,0,2
2026-04-28 16:45:00,C1,148,49,7,8,16.2,282,29,0,0,colectora,2,mixta,0,0,2
2026-04-28 17:00:00,A1,169,56,8,9,12.1,308,38,0,0,arterial,3,comercial,1,0,2
2026-04-28 17:15:00,A2,179,60,9,10,10.1,321,44,0,0,arterial,2,residencial,1,0,2
2026-04-28 17:30:00,B1,187,62,9,11,10.0,329,47,1,0,arterial,3,comercial,1,0,2
2026-04-28 17:45:00,C1,173,58,9,10,11.4,312,40,0,0,colectora,2,mixta,1,0,2
2026-04-28 18:00:00,A1,165,55,8,9,12.9,302,36,0,0,arterial,3,comercial,1,0,2
2026-04-28 18:15:00,A2,155,52,8,9,14.7,291,33,0,0,arterial,2,residencial,1,0,2
2026-04-28 18:30:00,B1,143,48,7,8,17.0,276,28,0,0,arterial,3,comercial,1,0,2
2026-04-28 18:45:00,C1,133,44,7,7,19.1,264,24,0,0,colectora,2,mixta,1,0,2
2026-04-28 19:00:00,A1,117,39,6,7,22.5,244,20,0,0,arterial,3,comercial,0,0,2
2026-04-28 19:15:00,A2,106,35,5,6,24.6,232,17,0,0,arterial,2,residencial,0,0,2
2026-04-28 19:30:00,B1,94,31,5,5,27.2,217,14,0,0,arterial,3,comercial,0,0,1
2026-04-28 19:45:00,C1,85,28,4,5,29.1,206,12,0,0,colectora,2,mixta,0,0,1
2026-04-28 20:00:00,A1,70,23,4,4,32.4,189,9,0,0,arterial,3,comercial,0,0,1
2026-04-28 20:15:00,A2,63,21,3,3,34.1,180,8,0,0,arterial,2,residencial,0,0,1
2026-04-28 20:30:00,B1,57,19,3,3,35.4,173,7,0,0,arterial,3,comercial,0,0,1
2026-04-28 20:45:00,C1,51,17,3,3,37.3,165,6,0,0,colectora,2,mixta,0,0,0
2026-04-28 21:00:00,A1,46,15,2,3,38.2,158,5,0,0,arterial,3,comercial,0,0,0
2026-04-28 21:15:00,A2,41,13,2,2,39.5,154,4,0,0,arterial,2,residencial,0,0,0
2026-04-28 21:30:00,B1,37,12,2,2,40.9,150,4,0,0,arterial,3,comercial,0,0,0
2026-04-28 21:45:00,C1,34,11,2,2,41.8,147,3,0,0,colectora,2,mixta,0,0,0
2026-04-28 22:00:00,A1,44,14,2,2,38.7,156,4,0,0,arterial,3,comercial,0,0,0
2026-04-28 22:15:00,A2,38,12,2,2,40.4,150,4,0,0,arterial,2,residencial,0,0,0
2026-04-28 22:30:00,B1,32,11,2,2,42.1,145,3,0,0,arterial,3,comercial,0,0,0
2026-04-28 22:45:00,C1,34,11,2,2,41.8,147,3,0,0,colectora,2,mixta,0,0,0
2026-04-28 23:00:00,A1,48,16,2,3,37.9,161,5,0,0,arterial,3,comercial,0,0,0
2026-04-28 23:15:00,A2,42,14,2,2,39.1,155,4,0,0,arterial,2,residencial,0,0,0
2026-04-28 23:30:00,B1,38,12,2,2,40.4,150,4,0,0,arterial,3,comercial,0,0,0
2026-04-28 23:45:00,C1,31,10,2,1,42.5,144,3,0,0,colectora,2,mixta,0,0,0
2026-04-29 00:00:00,C1,32,11,2,2,42.1,145,3,0,0,colectora,2,mixta,0,0,0
2026-04-29 00:15:00,A1,40,13,2,2,39.7,153,4,0,0,arterial,3,comercial,0,0,0
2026-04-29 00:30:00,A2,46,15,2,3,38.2,158,5,0,0,arterial,2,residencial,0,0,0
2026-04-29 00:45:00,B1,37,12,2,2,40.9,150,4,0,0,arterial,3,comercial,0,0,0
2026-04-29 01:00:00,A1,48,16,2,3,37.9,161,5,0,0,arterial,3,comercial,0,0,0
2026-04-29 01:15:00,A2,43,14,2,2,39.0,156,4,0,0,arterial,2,residencial,0,0,0
2026-04-29 01:30:00,B1,36,12,2,2,41.2,149,4,0,0,arterial,3,comercial,0,0,0
2026-04-29 01:45:00,C1,31,10,2,1,42.5,144,3,0,0,colectora,2,mixta,0,0,0
2026-04-29 02:00:00,A1,45,15,2,2,38.5,158,5,0,0,arterial,3,comercial,0,0,0
2026-04-29 02:15:00,A2,40,13,2,2,39.7,153,4,0,0,arterial,2,residencial,0,0,0
2026-04-29 02:30:00,B1,34,11,2,2,41.8,147,3,0,0,arterial,3,comercial,0,0,0
2026-04-29 02:45:00,C1,51,17,3,3,37.3,165,6,0,0,colectora,2,mixta,0,0,0
2026-04-29 03:00:00,A1,44,14,2,2,38.7,156,4,0,0,arterial,3,comercial,0,0,0
2026-04-29 03:15:00,A2,38,12,2,2,40.4,150,4,0,0,arterial,2,residencial,0,0,0
2026-04-29 03:30:00,B1,33,11,2,2,42.0,146,3,0,0,arterial,3,comercial,0,0,0
2026-04-29 03:45:00,C1,36,12,2,2,41.2,149,4,0,0,colectora,2,mixta,0,0,0
2026-04-29 04:00:00,A1,50,17,3,3,37.6,164,5,0,0,arterial,3,comercial,0,0,0
2026-04-29 04:15:00,A2,44,14,2,2,38.7,156,4,0,0,arterial,2,residencial,0,0,0
2026-04-29 04:30:00,B1,40,13,2,2,39.7,153,4,0,0,arterial,3,comercial,0,0,0
2026-04-29 04:45:00,C1,46,15,2,3,38.2,158,5,0,0,colectora,2,mixta,0,0,0
2026-04-29 05:00:00,A1,61,20,3,3,34.6,178,8,0,0,arterial,3,comercial,0,0,1
2026-04-29 05:15:00,A2,66,22,3,4,33.3,184,8,0,0,arterial,2,residencial,0,0,1
2026-04-29 05:30:00,B1,59,20,3,3,35.0,175,7,0,0,arterial,3,comercial,0,0,1
2026-04-29 05:45:00,C1,71,24,4,4,32.2,190,9,0,0,colectora,2,mixta,0,0,1
2026-04-29 06:00:00,A1,79,26,4,4,30.6,199,10,0,0,arterial,3,comercial,0,0,1
2026-04-29 06:15:00,A2,86,29,4,5,28.9,208,12,0,0,arterial,2,residencial,0,0,1
2026-04-29 06:30:00,B1,97,32,5,5,26.6,221,14,0,0,arterial,3,comercial,0,0,2
2026-04-29 06:45:00,C1,104,35,5,6,25.1,229,16,0,0,colectora,2,mixta,0,0,2
2026-04-29 07:00:00,A1,134,45,7,8,18.9,265,25,0,0,arterial,3,comercial,1,0,2
2026-04-29 07:15:00,A2,147,49,7,8,16.3,282,30,0,0,arterial,2,residencial,1,0,2
2026-04-29 07:30:00,B1,160,53,8,9,13.7,297,35,0,0,arterial,3,comercial,1,0,2
2026-04-29 07:45:00,C1,141,47,7,8,17.4,274,27,0,0,colectora,2,mixta,1,0,2
2026-04-29 08:00:00,A1,151,50,8,8,15.5,286,30,0,0,arterial,3,comercial,1,0,2
2026-04-29 08:15:00,A2,164,55,8,9,13.1,301,36,0,0,arterial,2,residencial,1,0,2
2026-04-29 08:30:00,B1,173,58,9,10,11.4,312,40,1,0,arterial,3,comercial,1,0,2
2026-04-29 08:45:00,C1,145,48,7,8,16.7,278,28,0,0,colectora,2,mixta,1,0,2
2026-04-29 09:00:00,A1,119,40,6,7,21.8,247,20,0,0,arterial,3,comercial,0,0,2
2026-04-29 09:15:00,A2,106,35,5,6,24.6,232,17,0,0,arterial,2,residencial,0,0,2
2026-04-29 09:30:00,B1,94,31,5,5,27.2,217,14,0,0,arterial,3,comercial,0,0,1
2026-04-29 09:45:00,C1,88,29,4,5,28.5,210,12,0,0,colectora,2,mixta,0,0,1
2026-04-29 10:00:00,A1,97,32,5,5,26.6,221,14,0,0,arterial,3,comercial,0,0,2
2026-04-29 10:15:00,A2,102,34,5,6,25.5,227,16,0,0,arterial,2,residencial,0,0,2
2026-04-29 10:30:00,B1,111,37,6,6,23.7,237,18,0,0,arterial,3,comercial,0,0,2
2026-04-29 10:45:00,C1,117,39,6,7,22.5,244,20,0,0,colectora,2,mixta,0,0,2
2026-04-29 11:00:00,A1,150,50,8,8,15.7,285,30,0,0,arterial,3,comercial,1,0,2
2026-04-29 11:15:00,A2,166,55,8,9,12.7,305,37,0,0,arterial,2,residencial,1,0,2
2026-04-29 11:30:00,B1,175,58,9,10,10.9,316,42,0,0,arterial,3,comercial,1,0,2
2026-04-29 11:45:00,C1,160,53,8,9,13.7,297,35,0,0,colectora,2,mixta,1,0,2
2026-04-29 12:00:00,A1,143,48,7,8,17.0,276,28,0,0,arterial,3,comercial,1,0,2
2026-04-29 12:15:00,A2,132,44,7,7,19.3,262,24,0,0,arterial,2,residencial,1,0,2
2026-04-29 12:30:00,B1,122,41,6,7,21.2,250,21,0,0,arterial,3,comercial,1,0,2
2026-04-29 12:45:00,C1,114,38,6,6,23.1,241,19,0,0,colectora,2,mixta,1,0,2
2026-04-29 13:00:00,A1,101,34,5,6,25.8,225,16,0,0,arterial,3,comercial,0,0,2
2026-04-29 13:15:00,A2,95,32,5,5,27.0,218,14,0,0,arterial,2,residencial,0,0,2
2026-04-29 13:30:00,B1,89,30,4,5,28.3,211,13,0,0,arterial,3,comercial,0,0,1
2026-04-29 13:45:00,C1,84,28,4,5,29.4,205,11,0,0,colectora,2,mixta,0,0,1
2026-04-29 14:00:00,A1,76,25,4,4,31.2,196,10,0,0,arterial,3,comercial,0,0,1
2026-04-29 14:15:00,A2,71,24,4,4,32.2,190,9,0,0,arterial,2,residencial,0,0,1
2026-04-29 14:30:00,B1,74,25,4,4,31.6,194,10,0,0,arterial,3,comercial,0,0,1
2026-04-29 14:45:00,C1,79,26,4,4,30.6,199,10,0,0,colectora,2,mixta,0,0,1
2026-04-29 15:00:00,A1,87,29,4,5,28.6,209,12,0,0,arterial,3,comercial,0,0,1
2026-04-29 15:15:00,A2,94,31,5,5,27.2,217,14,0,0,arterial,2,residencial,0,0,1
2026-04-29 15:30:00,B1,99,33,5,5,26.2,223,15,0,0,arterial,3,comercial,0,0,2
2026-04-29 15:45:00,C1,106,35,5,6,24.6,232,17,0,0,colectora,2,mixta,0,0,2
2026-04-29 16:00:00,A1,121,40,6,7,21.4,249,21,0,0,arterial,3,comercial,0,0,2
2026-04-29 16:15:00,A2,134,45,7,8,18.9,265,25,0,0,arterial,2,residencial,0,0,2
2026-04-29 16:30:00,B1,147,49,7,8,16.3,282,30,0,0,arterial,3,comercial,0,0,2
2026-04-29 16:45:00,C1,153,51,8,8,15.1,289,32,0,0,colectora,2,mixta,0,0,2
2026-04-29 17:00:00,A1,175,58,9,10,10.9,316,42,1,0,arterial,3,comercial,1,0,2
2026-04-29 17:15:00,A2,184,61,9,10,10.0,325,46,0,0,arterial,2,residencial,1,0,2
2026-04-29 17:30:00,B1,193,64,10,11,10.0,336,50,0,0,arterial,3,comercial,1,0,2
2026-04-29 17:45:00,C1,178,59,9,10,10.3,319,43,0,0,colectora,2,mixta,1,0,2
2026-04-29 18:00:00,A1,170,57,9,10,11.8,309,39,0,0,arterial,3,comercial,1,0,2
2026-04-29 18:15:00,A2,160,53,8,9,13.7,297,35,0,0,arterial,2,residencial,1,0,2
2026-04-29 18:30:00,B1,148,49,7,8,16.2,282,29,0,0,arterial,3,comercial,1,0,2
2026-04-29 18:45:00,C1,138,46,7,8,18.1,270,26,0,0,colectora,2,mixta,1,0,2
2026-04-29 19:00:00,A1,121,40,6,7,21.4,249,21,0,0,arterial,3,comercial,0,0,2
2026-04-29 19:15:00,A2,110,37,6,6,23.9,236,18,0,0,arterial,2,residencial,0,0,2
2026-04-29 19:30:00,B1,98,33,5,5,26.4,222,15,0,0,arterial,3,comercial,0,0,2
2026-04-29 19:45:00,C1,88,29,4,5,28.5,210,12,0,0,colectora,2,mixta,0,0,1
2026-04-29 20:00:00,A1,73,24,4,4,31.8,193,9,0,0,arterial,3,comercial,0,0,1
2026-04-29 20:15:00,A2,66,22,3,4,33.3,184,8,0,0,arterial,2,residencial,0,0,1
2026-04-29 20:30:00,B1,60,20,3,3,34.8,176,7,0,0,arterial,3,comercial,0,0,1
2026-04-29 20:45:00,C1,54,18,3,3,36.5,168,6,0,0,colectora,2,mixta,0,0,0
2026-04-29 21:00:00,A1,49,16,2,2,37.8,163,5,0,0,arterial,3,comercial,0,0,0
2026-04-29 21:15:00,A2,43,14,2,2,39.0,156,4,0,0,arterial,2,residencial,0,0,0
2026-04-29 21:30:00,B1,39,13,2,2,40.1,151,4,0,0,arterial,3,comercial,0,0,0
2026-04-29 21:45:00,C1,36,12,2,2,41.2,149,4,0,0,colectora,2,mixta,0,0,0
2026-04-29 22:00:00,A1,46,15,2,3,38.2,158,5,0,0,arterial,3,comercial,0,0,0
2026-04-29 22:15:00,A2,40,13,2,2,39.7,153,4,0,0,arterial,2,residencial,0,0,0
2026-04-29 22:30:00,B1,34,11,2,2,41.8,147,3,0,0,arterial,3,comercial,0,0,0
2026-04-29 22:45:00,C1,37,12,2,2,40.9,150,4,0,0,colectora,2,mixta,0,0,0
2026-04-29 23:00:00,A1,51,17,3,3,37.3,165,6,0,0,arterial,3,comercial,0,0,0
2026-04-29 23:15:00,A2,45,15,2,2,38.5,158,5,0,0,arterial,2,residencial,0,0,0
2026-04-29 23:30:00,B1,41,13,2,2,39.5,154,4,0,0,arterial,3,comercial,0,0,0
2026-04-29 23:45:00,C1,32,11,2,2,42.1,145,3,0,0,colectora,2,mixta,0,0,0
2026-04-30 00:00:00,C1,34,11,2,2,41.8,147,3,0,0,colectora,2,mixta,0,0,0
2026-04-30 00:15:00,A2,41,13,2,2,39.5,154,4,0,0,arterial,2,residencial,0,0,0
2026-04-30 00:30:00,A1,47,15,2,3,38.0,160,5,0,0,arterial,3,comercial,0,0,0
2026-04-30 00:45:00,B1,38,12,2,2,40.4,150,4,0,0,arterial,3,comercial,0,0,0
2026-04-30 01:00:00,A1,49,16,2,2,37.8,163,5,0,0,arterial,3,comercial,0,0,0
2026-04-30 01:15:00,A2,43,14,2,2,39.0,156,4,0,0,arterial,2,residencial,0,0,0
2026-04-30 01:30:00,B1,37,12,2,2,40.9,150,4,0,0,arterial,3,comercial,0,0,0
2026-04-30 01:45:00,C1,32,11,2,2,42.1,145,3,0,0,colectora,2,mixta,0,0,0
2026-04-30 02:00:00,A1,46,15,2,3,38.2,158,5,0,0,arterial,3,comercial,0,0,0
2026-04-30 02:15:00,A2,41,13,2,2,39.5,154,4,0,0,arterial,2,residencial,0,0,0
2026-04-30 02:30:00,B1,35,11,2,2,41.4,148,3,0,0,arterial,3,comercial,0,0,0
2026-04-30 02:45:00,C1,52,17,3,3,36.9,166,6,0,0,colectora,2,mixta,0,0,0
2026-04-30 03:00:00,A1,45,15,2,2,38.5,158,5,0,0,arterial,3,comercial,0,0,0
2026-04-30 03:15:00,A2,39,13,2,2,40.1,151,4,0,0,arterial,2,residencial,0,0,0
2026-04-30 03:30:00,B1,34,11,2,2,41.8,147,3,0,0,arterial,3,comercial,0,0,0
2026-04-30 03:45:00,C1,37,12,2,2,40.9,150,4,0,0,colectora,2,mixta,0,0,0
2026-04-30 04:00:00,A1,51,17,3,3,37.3,165,6,0,0,arterial,3,comercial,0,0,0
2026-04-30 04:15:00,A2,45,15,2,2,38.5,158,5,0,0,arterial,2,residencial,0,0,0
2026-04-30 04:30:00,B1,42,14,2,2,39.1,155,4,0,0,arterial,3,comercial,0,0,0
2026-04-30 04:45:00,C1,48,16,2,3,37.9,161,5,0,0,colectora,2,mixta,0,0,0
2026-04-30 05:00:00,A1,63,21,3,3,34.1,180,8,0,0,arterial,3,comercial,0,0,1
2026-04-30 05:15:00,A2,68,23,3,4,32.7,186,9,0,0,arterial,2,residencial,0,0,1
2026-04-30 05:30:00,B1,61,20,3,3,34.6,178,8,0,0,arterial,3,comercial,0,0,1
2026-04-30 05:45:00,C1,73,24,4,4,31.8,193,9,0,0,colectora,2,mixta,0,0,1
2026-04-30 06:00:00,A1,81,27,4,5,30.2,201,11,0,0,arterial,3,comercial,0,0,1
2026-04-30 06:15:00,A2,89,30,4,5,28.3,211,13,0,0,arterial,2,residencial,0,0,1
2026-04-30 06:30:00,B1,100,33,5,6,26.0,224,15,0,0,arterial,3,comercial,0,0,2
2026-04-30 06:45:00,C1,107,36,5,6,24.6,234,18,0,0,colectora,2,mixta,0,0,2
2026-04-30 07:00:00,A1,137,46,7,8,18.3,269,26,0,0,arterial,3,comercial,1,0,2
2026-04-30 07:15:00,A2,151,50,8,8,15.5,286,30,0,0,arterial,2,residencial,1,0,2
2026-04-30 07:30:00,B1,163,54,8,9,13.3,300,36,0,0,arterial,3,comercial,1,0,2
2026-04-30 07:45:00,C1,145,48,7,8,16.7,278,28,0,0,colectora,2,mixta,1,0,2
2026-04-30 08:00:00,A1,155,52,8,9,14.7,291,33,1,0,arterial,3,comercial,1,0,2
2026-04-30 08:15:00,A2,168,56,8,9,12.4,306,37,0,0,arterial,2,residencial,1,0,2
2026-04-30 08:30:00,B1,177,59,9,10,10.6,317,42,0,0,arterial,3,comercial,1,0,2
2026-04-30 08:45:00,C1,149,50,7,8,16.0,284,30,0,0,colectora,2,mixta,1,0,2
2026-04-30 09:00:00,A1,123,41,6,7,21.0,252,22,0,0,arterial,3,comercial,0,0,2
2026-04-30 09:15:00,A2,109,36,5,6,24.2,235,18,0,0,arterial,2,residencial,0,0,2
2026-04-30 09:30:00,B1,97,32,5,5,26.6,221,14,0,0,arterial,3,comercial,0,0,2
2026-04-30 09:45:00,C1,91,30,5,5,27.9,214,13,0,0,colectora,2,mixta,0,0,1
2026-04-30 10:00:00,A1,100,33,5,6,26.0,224,15,0,0,arterial,3,comercial,0,0,2
2026-04-30 10:15:00,A2,106,35,5,6,24.6,232,17,0,0,arterial,2,residencial,0,0,2
2026-04-30 10:30:00,B1,114,38,6,6,23.1,241,19,0,0,arterial,3,comercial,0,0,2
2026-04-30 10:45:00,C1,121,40,6,7,21.4,249,21,0,0,colectora,2,mixta,0,0,2
2026-04-30 11:00:00,A1,153,51,8,8,15.1,289,32,0,0,arterial,3,comercial,1,0,2
2026-04-30 11:15:00,A2,170,57,9,10,11.8,309,39,0,0,arterial,2,residencial,1,0,2
2026-04-30 11:30:00,B1,179,60,9,10,10.1,321,44,1,0,arterial,3,comercial,1,0,2
2026-04-30 11:45:00,C1,164,55,8,9,13.1,301,36,0,0,colectora,2,mixta,1,0,2
2026-04-30 12:00:00,A1,148,49,7,8,16.2,282,29,0,0,arterial,3,comercial,1,0,2
2026-04-30 12:15:00,A2,135,45,7,8,18.7,266,25,0,0,arterial,2,residencial,1,0,2
2026-04-30 12:30:00,B1,125,42,6,7,20.4,254,22,0,0,arterial,3,comercial,1,0,2
2026-04-30 12:45:00,C1,117,39,6,7,22.5,244,20,0,0,colectora,2,mixta,1,0,2
2026-04-30 13:00:00,A1,104,35,5,6,25.1,229,16,0,0,arterial,3,comercial,0,0,2
2026-04-30 13:15:00,A2,98,33,5,5,26.4,222,15,0,0,arterial,2,residencial,0,0,2
2026-04-30 13:30:00,B1,92,31,5,5,27.6,215,13,0,0,arterial,3,comercial,0,0,1
2026-04-30 13:45:00,C1,87,29,4,5,28.6,209,12,0,0,colectora,2,mixta,0,0,1
2026-04-30 14:00:00,A1,78,26,4,4,30.8,198,10,0,0,arterial,3,comercial,0,0,1
2026-04-30 14:15:00,A2,73,24,4,4,31.8,193,9,0,0,arterial,2,residencial,0,0,1
2026-04-30 14:30:00,B1,77,26,4,4,31.0,197,10,0,0,arterial,3,comercial,0,0,1
2026-04-30 14:45:00,C1,81,27,4,5,30.2,201,11,0,0,colectora,2,mixta,0,0,1
2026-04-30 15:00:00,A1,90,30,5,5,28.1,212,13,0,0,arterial,3,comercial,0,0,1
2026-04-30 15:15:00,A2,96,32,5,5,26.8,219,14,0,0,arterial,2,residencial,0,0,2
2026-04-30 15:30:00,B1,102,34,5,6,25.5,227,16,0,0,arterial,3,comercial,0,0,2
2026-04-30 15:45:00,C1,109,36,5,6,24.2,235,18,0,0,colectora,2,mixta,0,0,2
2026-04-30 16:00:00,A1,124,41,6,7,20.8,253,22,0,0,arterial,3,comercial,0,0,2
2026-04-30 16:15:00,A2,137,46,7,8,18.3,269,26,0,0,arterial,2,residencial,0,0,2
2026-04-30 16:30:00,B1,150,50,8,8,15.7,285,30,0,0,arterial,3,comercial,0,0,2
2026-04-30 16:45:00,C1,156,52,8,9,14.5,292,33,0,0,colectora,2,mixta,0,0,2
2026-04-30 17:00:00,A1,178,59,9,10,10.3,319,43,0,0,arterial,3,comercial,1,0,2
2026-04-30 17:15:00,A2,188,63,9,11,10.0,330,47,0,0,arterial,2,residencial,1,0,2
2026-04-30 17:30:00,B1,196,65,10,11,10.0,339,51,1,0,arterial,3,comercial,1,0,2
2026-04-30 17:45:00,C1,182,61,9,10,10.0,323,44,0,0,colectora,2,mixta,1,0,2
2026-04-30 18:00:00,A1,173,58,9,10,11.4,312,40,0,0,arterial,3,comercial,1,0,2
2026-04-30 18:15:00,A2,163,54,8,9,13.3,300,36,0,0,arterial,2,residencial,1,0,2
2026-04-30 18:30:00,B1,151,50,8,8,15.5,286,30,0,0,arterial,3,comercial,1,0,2
2026-04-30 18:45:00,C1,141,47,7,8,17.4,274,27,0,0,colectora,2,mixta,1,0,2
2026-04-30 19:00:00,A1,124,41,6,7,20.8,253,22,0,0,arterial,3,comercial,0,0,2
2026-04-30 19:15:00,A2,113,38,6,6,23.3,240,19,0,0,arterial,2,residencial,0,0,2
2026-04-30 19:30:00,B1,101,34,5,6,25.8,225,16,0,0,arterial,3,comercial,0,0,2
2026-04-30 19:45:00,C1,91,30,5,5,27.9,214,13,0,0,colectora,2,mixta,0,0,1
2026-04-30 20:00:00,A1,76,25,4,4,31.2,196,10,0,0,arterial,3,comercial,0,0,1
2026-04-30 20:15:00,A2,69,23,3,4,32.5,187,9,0,0,arterial,2,residencial,0,0,1
2026-04-30 20:30:00,B1,63,21,3,3,34.1,180,8,0,0,arterial,3,comercial,0,0,1
2026-04-30 20:45:00,C1,57,19,3,3,35.4,173,7,0,0,colectora,2,mixta,0,0,1
2026-04-30 21:00:00,A1,52,17,3,3,36.9,166,6,0,0,arterial,3,comercial,0,0,0
2026-04-30 21:15:00,A2,46,15,2,3,38.2,158,5,0,0,arterial,2,residencial,0,0,0
2026-04-30 21:30:00,B1,42,14,2,2,39.1,155,4,0,0,arterial,3,comercial,0,0,0
2026-04-30 21:45:00,C1,39,13,2,2,40.1,151,4,0,0,colectora,2,mixta,0,0,0
2026-04-30 22:00:00,A1,49,16,2,2,37.8,163,5,0,0,arterial,3,comercial,0,0,0
2026-04-30 22:15:00,A2,43,14,2,2,39.0,156,4,0,0,arterial,2,residencial,0,0,0
2026-04-30 22:30:00,B1,37,12,2,2,40.9,150,4,0,0,arterial,3,comercial,0,0,0
2026-04-30 22:45:00,C1,40,13,2,2,39.7,153,4,0,0,colectora,2,mixta,0,0,0
2026-04-30 23:00:00,A1,54,18,3,3,36.5,168,6,0,0,arterial,3,comercial,0,0,0
2026-04-30 23:15:00,A2,48,16,2,3,37.9,161,5,0,0,arterial,2,residencial,0,0,0
2026-04-30 23:30:00,B1,44,14,2,2,38.7,156,4,0,0,arterial,3,comercial,0,0,0
2026-04-30 23:45:00,C1,35,11,2,2,41.4,148,3,0,0,colectora,2,mixta,0,0,0
2026-05-01 00:00:00,A1,32,11,2,2,42.1,145,3,0,0,arterial,3,comercial,0,1,0
2026-05-01 00:15:00,A2,38,12,2,2,40.4,150,4,0,0,arterial,2,residencial,0,1,0
2026-05-01 00:30:00,B1,45,15,2,2,38.5,158,5,0,0,arterial,3,comercial,0,1,0
2026-05-01 00:45:00,C1,36,12,2,2,41.2,149,4,0,0,colectora,2,mixta,0,1,0
2026-05-01 01:00:00,A1,46,15,2,3,38.2,158,5,0,0,arterial,3,comercial,0,1,0
2026-05-01 01:15:00,A2,41,13,2,2,39.5,154,4,0,0,arterial,2,residencial,0,1,0
2026-05-01 01:30:00,B1,35,11,2,2,41.4,148,3,0,0,arterial,3,comercial,0,1,0
2026-05-01 01:45:00,C1,31,10,2,1,42.5,144,3,0,0,colectora,2,mixta,0,1,0
2026-05-01 02:00:00,A1,44,14,2,2,38.7,156,4,0,0,arterial,3,comercial,0,1,0
2026-05-01 02:15:00,A2,39,13,2,2,40.1,151,4,0,0,arterial,2,residencial,0,1,0
2026-05-01 02:30:00,B1,33,11,2,2,42.0,146,3,0,0,arterial,3,comercial,0,1,0
2026-05-01 02:45:00,C1,51,17,3,3,37.3,165,6,0,0,colectora,2,mixta,0,1,0
2026-05-01 03:00:00,A1,43,14,2,2,39.0,156,4,0,0,arterial,3,comercial,0,1,0
2026-05-01 03:15:00,A2,37,12,2,2,40.9,150,4,0,0,arterial,2,residencial,0,1,0
2026-05-01 03:30:00,B1,32,11,2,2,42.1,145,3,0,0,arterial,3,comercial,0,1,0
2026-05-01 03:45:00,C1,35,11,2,2,41.4,148,3,0,0,colectora,2,mixta,0,1,0
2026-05-01 04:00:00,A1,49,16,2,2,37.8,163,5,0,0,arterial,3,comercial,0,1,0
2026-05-01 04:15:00,A2,43,14,2,2,39.0,156,4,0,0,arterial,2,residencial,0,1,0
2026-05-01 04:30:00,B1,39,13,2,2,40.1,151,4,0,0,arterial,3,comercial,0,1,0
2026-05-01 04:45:00,C1,45,15,2,2,38.5,158,5,0,0,colectora,2,mixta,0,1,0
2026-05-01 05:00:00,A1,60,20,3,3,34.8,176,7,0,0,arterial,3,comercial,0,1,1
2026-05-01 05:15:00,A2,65,22,3,4,33.7,182,8,0,0,arterial,2,residencial,0,1,1
2026-05-01 05:30:00,B1,58,19,3,3,35.2,174,7,0,0,arterial,3,comercial,0,1,1
2026-05-01 05:45:00,C1,70,23,4,4,32.4,189,9,0,0,colectora,2,mixta,0,1,1
2026-05-01 06:00:00,A1,78,26,4,4,30.7,198,10,0,0,arterial,3,comercial,0,1,1
2026-05-01 06:15:00,A2,85,28,4,5,29.1,206,12,0,0,arterial,2,residencial,0,1,1
2026-05-01 06:30:00,B1,96,32,5,5,26.8,219,14,0,0,arterial,3,comercial,0,1,2
2026-05-01 06:45:00,C1,103,34,5,6,25.3,228,16,0,0,colectora,2,mixta,0,1,2
2026-05-01 07:00:00,A1,132,44,7,7,19.2,263,24,0,0,arterial,3,comercial,1,1,2
2026-05-01 07:15:00,A2,146,49,7,8,16.5,280,29,0,0,arterial,2,residencial,1,1,2
2026-05-01 07:30:00,B1,158,53,8,9,14.1,294,33,0,0,arterial,3,comercial,1,1,2
2026-05-01 07:45:00,C1,139,46,7,8,17.8,271,26,0,0,colectora,2,mixta,1,1,2
2026-05-01 08:00:00,A1,150,50,8,8,15.7,285,30,1,0,arterial,3,comercial,1,1,2
2026-05-01 08:15:00,A2,162,54,8,9,13.5,299,35,0,0,arterial,2,residencial,1,1,2
2026-05-01 08:30:00,B1,171,57,9,10,12.0,310,39,0,0,arterial,3,comercial,1,1,2
2026-05-01 08:45:00,C1,144,48,7,8,16.8,278,28,0,0,colectora,2,mixta,1,1,2
2026-05-01 09:00:00,A1,118,39,6,7,22.0,246,20,0,0,arterial,3,comercial,0,1,2
2026-05-01 09:15:00,A2,104,35,5,6,25.1,229,16,0,0,arterial,2,residencial,0,1,2
2026-05-01 09:30:00,B1,92,31,5,5,27.7,215,13,0,0,arterial,3,comercial,0,1,1
2026-05-01 09:45:00,C1,87,29,4,5,28.6,209,12,0,0,colectora,2,mixta,0,1,1
2026-05-01 10:00:00,A1,95,32,5,5,27.0,218,14,0,0,arterial,3,comercial,0,1,2
2026-05-01 10:15:00,A2,101,34,5,6,25.8,225,16,0,0,arterial,2,residencial,0,1,2
2026-05-01 10:30:00,B1,110,37,6,6,23.9,236,18,0,0,arterial,3,comercial,0,1,2
2026-05-01 10:45:00,C1,116,39,6,6,22.7,243,20,0,0,colectora,2,mixta,0,1,2
2026-05-01 11:00:00,A1,148,49,7,8,16.2,282,29,0,0,arterial,3,comercial,1,1,2
2026-05-01 11:15:00,A2,165,55,8,9,12.9,302,36,0,0,arterial,2,residencial,1,1,2
2026-05-01 11:30:00,B1,174,58,9,10,11.2,313,40,1,0,arterial,3,comercial,1,1,2
2026-05-01 11:45:00,C1,159,53,8,9,14.0,295,34,0,0,colectora,2,mixta,1,1,2
2026-05-01 12:00:00,A1,142,47,7,8,17.3,275,27,0,0,arterial,3,comercial,1,1,2
2026-05-01 12:15:00,A2,130,43,7,7,19.6,260,23,0,0,arterial,2,residencial,1,1,2
2026-05-01 12:30:00,B1,121,40,6,7,21.4,249,21,0,0,arterial,3,comercial,1,1,2
2026-05-01 12:45:00,C1,112,37,6,6,23.5,238,19,0,0,colectora,2,mixta,1,1,2
2026-05-01 13:00:00,A1,100,33,5,6,26.0,224,15,0,0,arterial,3,comercial,0,1,2
2026-05-01 13:15:00,A2,94,31,5,5,27.2,217,14,0,0,arterial,2,residencial,0,1,1
2026-05-01 13:30:00,B1,88,29,4,5,28.5,210,12,0,0,arterial,3,comercial,0,1,1
2026-05-01 13:45:00,C1,83,28,4,5,29.6,204,11,0,0,colectora,2,mixta,0,1,1
2026-05-01 14:00:00,A1,75,25,4,4,31.4,195,10,0,0,arterial,3,comercial,0,1,1
2026-05-01 14:15:00,A2,70,23,4,4,32.4,189,9,0,0,arterial,2,residencial,0,1,1
2026-05-01 14:30:00,B1,73,24,4,4,31.8,193,9,0,0,arterial,3,comercial,0,1,1
2026-05-01 14:45:00,C1,78,26,4,4,30.8,198,10,0,0,colectora,2,mixta,0,1,1
2026-05-01 15:00:00,A1,86,29,4,5,28.9,208,12,0,0,arterial,3,comercial,0,1,1
2026-05-01 15:15:00,A2,92,31,5,5,27.6,215,13,0,0,arterial,2,residencial,0,1,1
2026-05-01 15:30:00,B1,97,32,5,5,26.6,221,14,0,0,arterial,3,comercial,0,1,2
2026-05-01 15:45:00,C1,105,35,5,6,25.0,230,16,0,0,colectora,2,mixta,0,1,2
2026-05-01 16:00:00,A1,120,40,6,7,21.6,248,20,0,0,arterial,3,comercial,0,1,2
2026-05-01 16:15:00,A2,132,44,7,7,19.3,262,24,0,0,arterial,2,residencial,0,1,2
2026-05-01 16:30:00,B1,145,48,7,8,16.7,278,28,0,0,arterial,3,comercial,0,1,2
2026-05-01 16:45:00,C1,151,50,8,8,15.5,286,30,1,0,colectora,2,mixta,0,1,2
2026-05-01 17:00:00,A1,173,58,9,10,11.4,312,40,0,0,arterial,3,comercial,1,1,2
2026-05-01 17:15:00,A2,182,61,9,10,10.0,323,44,0,0,arterial,2,residencial,1,1,2
2026-05-01 17:30:00,B1,190,63,10,11,10.0,332,48,0,0,arterial,3,comercial,1,1,2
2026-05-01 17:45:00,C1,176,59,9,10,10.8,316,42,0,0,colectora,2,mixta,1,1,2
2026-05-01 18:00:00,A1,168,56,8,9,12.4,306,37,0,0,arterial,3,comercial,1,1,2
2026-05-01 18:15:00,A2,158,53,8,9,14.1,294,33,0,0,arterial,2,residencial,1,1,2
2026-05-01 18:30:00,B1,146,49,7,8,16.5,280,29,0,0,arterial,3,comercial,1,1,2
2026-05-01 18:45:00,C1,135,45,7,8,18.7,267,25,0,0,colectora,2,mixta,1,1,2
2026-05-01 19:00:00,A1,120,40,6,7,21.6,248,20,0,0,arterial,3,comercial,0,1,2
2026-05-01 19:15:00,A2,108,36,5,6,24.4,234,18,0,0,arterial,2,residencial,0,1,2
2026-05-01 19:30:00,B1,96,32,5,5,26.8,219,14,0,0,arterial,3,comercial,0,1,2
2026-05-01 19:45:00,C1,85,28,4,5,29.1,206,12,0,0,colectora,2,mixta,0,1,1
2026-05-01 20:00:00,A1,72,24,4,4,32.0,192,9,0,0,arterial,3,comercial,0,1,1
2026-05-01 20:15:00,A2,64,21,3,3,33.9,181,8,0,0,arterial,2,residencial,0,1,1
2026-05-01 20:30:00,B1,58,19,3,3,35.2,174,7,0,0,arterial,3,comercial,0,1,1
2026-05-01 20:45:00,C1,52,17,3,3,36.9,166,6,0,0,colectora,2,mixta,0,1,0
2026-05-01 21:00:00,A1,48,16,2,3,37.9,161,5,0,0,arterial,3,comercial,0,1,0
2026-05-01 21:15:00,A2,42,14,2,2,39.1,155,4,0,0,arterial,2,residencial,0,1,0
2026-05-01 21:30:00,B1,38,12,2,2,40.4,150,4,0,0,arterial,3,comercial,0,1,0
2026-05-01 21:45:00,C1,35,11,2,2,41.4,148,3,0,0,colectora,2,mixta,0,1,0
2026-05-01 22:00:00,A1,45,15,2,2,38.5,158,5,0,0,arterial,3,comercial,0,1,0
2026-05-01 22:15:00,A2,39,13,2,2,40.1,151,4,0,0,arterial,2,residencial,0,1,0
2026-05-01 22:30:00,B1,33,11,2,2,42.0,146,3,0,0,arterial,3,comercial,0,1,0
2026-05-01 22:45:00,C1,34,11,2,2,41.8,147,3,0,0,colectora,2,mixta,0,1,0
2026-05-01 23:00:00,A1,34,11,2,2,41.8,147,3,0,0,arterial,3,comercial,0,1,0
2026-05-01 23:15:00,A1,44,14,2,2,38.7,156,4,0,0,arterial,3,comercial,0,1,0
2026-05-01 23:30:00,A1,39,13,2,2,40.1,151,4,0,0,arterial,3,comercial,0,1,0
2026-05-01 23:45:00,C1,32,11,2,2,42.1,145,3,0,0,colectora,2,mixta,0,1,0
